instruction,response
What is the origin of quantum theory related to?,"THE origin of quantum theory is connected with a well-known phenomenon, which did not belong to the central parts of atomic physics. Any piece of matter when it is heated starts to glow, gets red hot and white hot at higher temperatures."
How does the color of a heated object depend on its temperature?,"The color does not depend much on the surface of the material, and for a black body it depends solely on the temperature."
Why is the radiation emitted by a black body at high temperatures suitable for physical research?,"Therefore, the radiation emitted by such a black body at high temperatures is a suitable object for physical research; it is a simple phenomenon that should find a simple explanation in terms of the known laws for radiation and heat."
What was the result of Lord Rayleigh and Jeans' attempt to explain black body radiation?,"The attempt made at the end of the nineteenth century by Lord Rayleigh and Jeans failed, however, and revealed serious difficulties. It would not be possible to describe these difficulties here in simple terms. It must be sufficient to state that the application of the known laws did not lead to sensible results."
How did Planck approach the problem of radiation in 1895?,"When Planck, in 1895, entered this line of research he tried to turn the problem from radiation to the radiating atom. This turning did not remove any of the difficulties inherent in the problem, but it simplified the interpretation of the empirical facts."
What was the result of Curlbaum and Rubens' measurements of heat radiation in 1900?,"It was just at this time, during the summer of 1900, that Curlbaum and Rubens in Berlin had made very accurate new measurements of the spectrum of heat radiation."
What did Planck do when he heard about Curlbaum and Rubens' results?,When Planck heard of these results he tried to represent them by simple mathematical formulas which looked plausible from his research on the general connection between heat and radiation.
How did Planck and Rubens' comparison of their work lead to a discovery?,One day Planck and Rubens met for tea in Planck's home and compared Rubens' latest results with a new formula suggested by Planck. The comparison showed a complete agreement. This was the discovery of Planck's law of heat radiation.
What was the beginning of intense theoretical work for Planck?,It was at the same time the beginning of intense theoretical work for Planck. What was the correct physical interpretation of the new formula?
How did Planck initially interpret his formula?,"Since Planck could, from his earlier work, translate his formula easily into a statement about the radiating atom (the so-called oscillator), he must soon have found that his formula looked as if the oscillator could only contain discrete quanta of energy a result that was so different from anything known in classical physics that he certainly must have refused to believe it in the beginning."
What convinced Planck of his quantum hypothesis?,But in a period of most intensive work during the summer of 1900 he finally convinced himself that there was no way of escaping from this conclusion.
What did Planck's son recall about his father's new ideas?,"It was told by Planck's son that his father spoke to him about his new ideas on a long walk through the Grunewald, the wood in the suburbs of Berlin. On this walk he explained that he felt he had possibly made a discovery of the first rank, comparable perhaps only to the discoveries of Newton."
What did Planck realize about his formula during this time?,"So Planck must have realized at this time that his formula had touched the foundations of our description of nature, and that these foundations would one day start to move from their traditional present location toward a new and as yet unknown position of stability."
What was Planck's attitude towards his discovery?,"Planck, who was conservative in his whole outlook, did not like this consequence at all, but he published his quantum hypothesis in December of 1900."
Why was Planck's quantum hypothesis so revolutionary?,The idea that energy could be emitted or absorbed only in discrete energy quanta was so new that it could not be fitted into the traditional framework of physics. An attempt by Planck to reconcile his new hypothesis with the older laws of radiation failed in the essential points.
"Who made the next significant step in quantum theory, and how?","It took five years until the next step could be made in the new direction. This time it was the young Albert Einstein, a revolutionary genius among the physicists, who was not afraid to go further away from the old concepts."
What was the first problem Einstein addressed using quantum ideas?,"There were two problems in which he could make use of the new ideas. One was the so-called photoelectric effect, the emission of electrons from metals under the influence of light."
What did Einstein conclude about the photoelectric effect?,"The experiments, especially those of Lenard, had shown that the energy of the emitted electrons did not depend on the intensity of the light, but only on its color or, more precisely, on its frequency. This could not be understood on the basis of the traditional theory of radiation. Einstein could explain the observations by interpreting Planck's hypothesis as saying that light consists of quanta of energy traveling through space."
How did Einstein apply the quantum hypothesis to the photoelectric effect?,"The energy of one light quantum should, in agreement with Planck's assumptions, be equal to the frequency of the light multiplied by Planck's constant."
What was the second problem Einstein addressed using quantum theory?,The other problem was the specific heat of solid bodies. The traditional theory led to values for the specific heat which fitted the observations at higher temperatures but disagreed with them at low ones.
How did Einstein explain the specific heat of solid bodies?,Again Einstein was able to show that one could understand this behavior by applying the quantum hypothesis to the elastic vibrations of the atoms in the solid body.
What was the significance of Einstein's two results?,"These two results marked a very important advance, since they revealed the presence of Planck's quantum of action as his constant is called among the physicists in several phenomena, which had nothing immediately to do with heat radiation."
How did Einstein's work challenge traditional views of light?,"They revealed at the same time the deeply revolutionary character of the new hypothesis, since the first of them led to a description of light completely different from the traditional wave picture. Light could either be interpreted as consisting of electromagnetic waves, according to Maxwell's theory, or as consisting of light quanta, energy packets traveling through space with high velocity."
How did Einstein handle the contradiction between the wave and particle nature of light?,"But could it be both? Einstein knew, of course, that the well-known phenomena of diffraction and interference can be explained only on the basis of the wave picture. He was not able to dispute the complete contradiction between this wave picture and the idea of the light quanta; nor did he even attempt to remove the inconsistency of this interpretation. He simply took the contradiction as something which would probably be understood only much later."
What discovery did Rutherford make in 1911 about the atom?,"In the meantime the experiments of Becquerel, Curie and Rutherford had led to some clarification concerning the structure of the atom. In 1911 Rutherford's observations on the interaction of o-rays penetrating through matter resulted in his famous atomic model."
What was Rutherford's atomic model?,"The atom is pictured as consisting of a nucleus, which is positively charged and contains nearly the total mass of the atom, and electrons, which circle around the nucleus like the planets circle around the sun."
How did Rutherford's atomic model explain the chemical bond between atoms?,The chemical bond between atoms of different elements is explained as an interaction between the outer electrons of the neighboring atoms; it has not directly to do with the atomic nucleus.
Why was Rutherford's atomic model initially unable to explain atomic stability?,"Initially this model of the atom could not explain the most characteristic feature of the atom, its enormous stability. No planetary system following the laws of Newton's mechanics would ever go back to its original configuration after a collision with another such system."
How did Bohr explain the stability of the atom in 1913?,"The explanation for this unusual stability was given by Bohr in 1913, through the application of Planck's quantum hypothesis. If the atom can change its energy only by discrete energy quanta, this must mean that the atom can exist only in discrete stationary states, the lowest of which is the normal state of the atom."
How did Bohr's application of quantum theory explain atomic behavior?,"Therefore, after any kind of interaction the atom will finally always fall back into its normal state."
What did Bohr's theory explain about atomic spectra?,"By this application of quantum theory to the atomic model, Bohr could not only explain the stability of the atom but also, in some simple cases, give a theoretical interpretation of the line spectra emitted by the atoms after the excitation through electric discharge or heat."
What was Bohr's approach to combining classical mechanics and quantum theory?,"His theory rested upon a combination of classical mechanics for the motion of the electrons with quantum conditions, which were imposed upon the classical motions for defining the discrete stationary states of the system."
How did Bohr's theory handle contradictions in classical mechanics?,"Bohr was well aware of the fact that the quantum conditions spoil in some way the consistency of Newtonian mechanics. In the simple case of the hydrogen atom one could calculate from Bohr's theory the frequencies of the light emitted by the atom, and the agreement with the observations was perfect."
What did Bohr's theory reveal about the atomic line spectra?,"Yet these frequencies were different from the orbital frequencies and their harmonics of the electrons circling around the nucleus, and this fact showed at once that the theory was still full of contradictions. But it contained an essential part of the truth."
How did Bohr's theory contribute to understanding chemical behavior?,"It did explain qualitatively the chemical behavior of the atoms and their line spectra; the existence of the discrete stationary states was verified by the experiments of Franck and Hertz, Stern and Gerlach."
What did Bohr's theory inspire in future research?,Bohr's theory had opened up a new line of research. The great amount of experimental material collected by spectroscopy through several decades was now available for information about the strange quantum laws governing the motions of the electrons in the atom.
What did Bohr's theory inspire in future research?,Bohr's theory had opened up a new line of research. The great amount of experimental material collected by spectroscopy through several decades was now available for information about the strange quantum laws governing the motions of the electrons in the atom.
How did physicists begin to approach quantum theory after Bohr's work?,The many experiments of chemistry could be used for the same purpose. It was from this time on that the physicists learned to ask the right questions; and asking the right question is frequently more than halfway to the solution of the problem.
What kind of questions did physicists start asking in the early 1920s?,Practically all of them had to do with the strange apparent contradictions between the results of different experiments.
What challenges did physicists face in understanding atomic events?,"How could it be that the same radiation that produces interference patterns, and therefore must consist of waves, also produces the photoelectric effect, and therefore must consist of moving particles?"
How did physicists deal with contradictions in the quantum theory?,"Gradually, during the early twenties, the physicists became accustomed to these difficulties, they acquired a certain vague knowledge about where trouble would occur, and they learned to avoid contradictions."
What was the result of the physicists' adaptation to quantum theory?,"They knew which description of an atomic event would be the correct one for the special experiment under discussion. This was not sufficient to form a consistent general picture of what happens in a quantum process, but it changed the minds of the physicists in such a way that they somehow got into the spirit of quantum theory."
What were ideal experiments in the context of quantum theory?,"One frequently discussed what one called ideal experiments. Such experiments were designed to answer a very critical question irrespective of whether or not they could actually be carried out. Of course it was important that it should be possible in principle to carry out the experiment, but the technique might be extremely complicated."
How could ideal experiments contribute to clarifying quantum theory?,"These ideal experiments could be very useful in clarifying certain problems. If there was no agreement among the physicists about the result of such an ideal experiment, it was frequently possible to find a similar but simpler experiment that could be carried out, so that the experimental answer contributed essentially to the clarification of quantum theory."
What was the effect of the paradoxes of quantum theory during its clarification?,"The strangest experience of those years was that the paradoxes of quantum theory did not disappear during this process of clarification; on the contrary, they became even more marked and more exciting."
What did Compton discover about X-ray scattering in 1923?,"There was, for instance, the experiment of Compton on the scattering of X-rays. From earlier experiments on the interference of scattered light there could be no doubt that scattering takes place essentially in the following way: The incident light wave makes an electron in the beam vibrate in the frequency of the wave; the oscillating electron then emits a spherical wave with the same frequency and thereby produces the scattered light. However, Compton found in 1923 that the frequency of scattered X-rays was different from the frequency of the incident X-ray."
How was the change in frequency of scattered X-rays explained?,"This change of frequency could be formally understood by assuming that scattering is to be described as collision of a light quantum with an electron. The energy of the light quantum is changed during the collision; and since the frequency times Planck's constant should be the energy of the light quantum, the frequency also should be changed."
What contradiction arose from Compton's experiment and earlier light scattering experiments?,But what happens in this interpretation of the light wave? The two experiments one on the interference of scattered light and the other on the change of frequency of the scattered light seemed to contradict each other without any possibility of compromise.
What was the prevailing belief among physicists about the contradictions in quantum theory?,By this time many physicists were convinced that these apparent contradictions belonged to the intrinsic structure of atomic physics.
What was de Broglie's contribution to quantum theory in 1924?,"Therefore, in 1924 de Broglie in France tried to extend the dualism between wave description and particle description to the elementary particles of matter, primarily to the electrons. He showed that a certain matter wave could 'correspond' to a moving electron, just as a light wave corresponds to a moving light quantum."
What was unclear about de Broglie's concept of 'correspondence'?,It was not clear at the time what the word 'correspond' meant in this connection. But de Broglie suggested that the quantum condition in Bohr's theory should be interpreted as a statement about the matter waves.
How did de Broglie's idea connect with Bohr's quantum condition?,"A wave circling around a nucleus can for geometrical reasons only be a stationary wave; and the perimeter of the orbit must be an integer multiple of the wavelength. In this way de Broglie's idea connected the quantum condition, which always had been a foreign element in the mechanics of the electrons, with the dualism between waves and particles."
What issue did Bohr's theory address regarding the frequency of emitted radiation?,In Bohr's theory the discrepancy between the calculated orbital frequency of the electrons and the frequency of the emitted radiation had to be interpreted as a limitation to the concept of the electronic orbit.
How did Bohr's theory explain the stability of electrons in higher orbits?,"For the higher orbits, however, the electrons should move at a large distance from the nucleus just as they do when one sees them moving through a cloud chamber. There one should speak about electronic orbits."
What did Bohr's principle of correspondence explain about spectral line intensities?,It was therefore very satisfactory that for these higher orbits the frequencies of the emitted radiation approach the orbital frequency and its higher harmonics. Also Bohr had already suggested in his early papers that the intensities of the emitted spectral lines approach the intensities of the corresponding harmonics.
What did Bohr's theory suggest about the qualitative description of atomic behavior?,"This principle of correspondence had proved very useful for the approximative calculation of the intensities of spectral lines. In this way one had the impression that Bohr's theory gave a qualitative but not a quantitative description of what happens inside the atom; that some new feature of the behavior of matter was qualitatively expressed by the quantum conditions, which in turn were connected with the dualism between waves and particles."
What were ideal experiments in quantum theory?,One frequently discussed what one called ideal experiments. Such experiments were designed to answer a very critical question irrespective of whether or not they could actually be carried out.
How could ideal experiments contribute to clarifying quantum theory?,"These ideal experiments could be very useful in clarifying certain problems. If there was no agreement among the physicists about the result of such an ideal experiment, it was frequently possible to find a similar but simpler experiment that could be carried out, so that the experimental answer contributed essentially to the clarification of quantum theory."
What was the paradox in quantum theory during its clarification?,"The strangest experience of those years was that the paradoxes of quantum theory did not disappear during this process of clarification; on the contrary, they became even more marked and more exciting."
What did Compton discover in 1923 about the scattering of X-rays?,"There was, for instance, the experiment of Compton on the scattering of X-rays. From earlier experiments on the interference of scattered light there could be no doubt that scattering takes place essentially in the following way: The incident light wave makes an electron in the beam vibrate in the frequency of the wave; the oscillating electron then emits a spherical wave with the same frequency and thereby produces the scattered light."
What contradiction arose from Compton's experiment and earlier light scattering experiments?,"However, Compton found in 1923 that the frequency of scattered X-rays was different from the frequency of the incident X-ray. This change of frequency could be formally understood by assuming that scattering is to be described as collision of a light quantum with an electron."
How was the duality of light interpreted in quantum theory?,"The energy of the light quantum is changed during the collision; and since the frequency times Planck's constant should be the energy of the light quantum, the frequency also should be changed."
How did de Broglie extend the dualism between waves and particles?,"Therefore, in 1924 de Broglie in France tried to extend the dualism between wave description and particle description to the elementary particles of matter, primarily to the electrons."
What was de Broglie's interpretation of quantum theory?,"He showed that a certain matter wave could 'correspond' to a moving electron, just as a light wave corresponds to a moving light quantum."
How did de Broglie's idea connect quantum theory with the wave-particle dualism?,"A wave circling around a nucleus can for geometrical reasons only be a stationary wave; and the perimeter of the orbit must be an integer multiple of the wavelength. In this way de Broglie's idea connected the quantum condition, which always had been a foreign element in the mechanics of the electrons, with the dualism between waves and particles."
What issue did Bohr's theory address regarding the frequency of emitted radiation?,In Bohr's theory the discrepancy between the calculated orbital frequency of the electrons and the frequency of the emitted radiation had to be interpreted as a limitation to the concept of the electronic orbit.
How did Bohr's theory explain the stability of electrons in higher orbits?,"For the higher orbits, however, the electrons should move at a large distance from the nucleus just as they do when one sees them moving through a cloud chamber. There one should speak about electronic orbits."
What did Bohr's principle of correspondence explain about spectral line intensities?,It was therefore very satisfactory that for these higher orbits the frequencies of the emitted radiation approach the orbital frequency and its higher harmonics. Also Bohr had already suggested in his early papers that the intensities of the emitted spectral lines approach the intensities of the corresponding harmonics.
What did Bohr's theory suggest about the qualitative description of atomic behavior?,"This principle of correspondence had proved very useful for the approximative calculation of the intensities of spectral lines. In this way one had the impression that Bohr's theory gave a qualitative but not a quantitative description of what happens inside the atom; that some new feature of the behavior of matter was qualitatively expressed by the quantum conditions, which in turn were connected with the dualism between waves and particles."
What were the two different approaches to solving the final problem in quantum theory?,"The one was a turning around of the question. Instead of asking: How can one in the known mathematical scheme express a given experimental situation? the other question was put: Is it true, perhaps, that only such experimental situations can arise in nature as can be expressed in the mathematical formalism?"
What did the assumption about mathematical formalism lead to?,The assumption that this was actually true led to limitations in the use of those concepts that had been the basis of classical physics since Newton.
What was learned about the concepts of position and velocity in Newtonian mechanics?,One could speak of the position and of the velocity of an electron as in Newtonian mechanics and one could observe and measure these quantities. But one could not fix both quantities simultaneously with an arbitrarily high accuracy.
What is the relationship between the inaccuracies of position and velocity?,Actually the product of these two inaccuracies turned out to be not less than Planck's constant divided by the mass of the particle.
What are the relations called that arise from the uncertainties in experimental situations?,Similar relations could be formulated for other experimental situations. They are usually called relations of uncertainty or principle of indeterminacy.
What was learned about the old concepts in quantum theory?,One had learned that the old concepts fit nature only inaccurately.
What was Bohr's concept of complementarity?,The other way of approach was Bohr's concept of complementarity. Schrodinger had described the atom as a system not of a nucleus and electrons but of a nucleus and matter waves.
How did Bohr view the particle and wave pictures of quantum theory?,"Bohr considered the two pictures particle picture and wave picture as two complementary descriptions of the same reality. Any of these descriptions can be only partially true, there must be limitations to the use of the particle concept as well as of the wave concept, else one could not avoid contradictions."
What happens when the limitations of the particle and wave concepts are considered?,"If one takes into account those limitations which can be expressed by the uncertainty relations, the contradictions disappear."
What is the Copenhagen interpretation of quantum theory?,"In this way since the spring of 1927 one has had a consistent interpretation of quantum theory, which is frequently called the 'Copenhagen interpretation.'"
What happened at the Solvay conference in 1927 regarding the Copenhagen interpretation?,"This interpretation received its crucial test in the autumn of 1927 at the Solvay conference in Brussels. Those experiments which had always led to the worst paradoxes were again and again discussed in all details, especially by Einstein. New ideal experiments were invented to trace any possible inconsistency of the theory, but the theory was shown to be consistent and seemed to fit the experiments as far as one could see."
How long did it take to understand the quantum theoretical laws?,It should be emphasized at this point that it has taken more than a quarter of a century to get from the first idea of the existence of energy quanta to a real understanding of the quantum theoretical laws.
What does the long time it took to understand quantum theory indicate?,This indicates the great change that had to take place in the fundamental concepts concerning reality before one could understand the new situation.
How did Newton's work influence the development of natural science?,"It has been stated before that the concepts of natural science can sometimes be sharply defined with regard to their connections. This possibility was realized for the first time in Newton's *Principia* and it is just for that reason that Newton's work has exerted its enormous influence on the whole development of natural science in the following centuries. Newton begins his *Principia* with a group of definitions and axioms which are interconnected in such a way that they form what one may call a 'closed system.' Each concept can be represented by a mathematical symbol, and the connections between the different concepts are then represented by mathematical equations expressed by means of the symbols."
What makes Newton's system in *Principia* significant?,"The mathematical image of the system ensures that contradictions cannot occur in the system. In this way the possible motions of bodies under the influence of the acting forces are represented by the possible solutions of the equations. The system of definitions and axioms which can be written in a set of mathematical equations is considered as describing an eternal structure of nature, depending neither on a particular space nor on particular time. The connection between the different concepts in the system is so close that one could generally not change any one of the concepts without destroying the whole system."
How was Newton's system perceived over time?,"For this reason Newton's system was for a long time considered as final and the task set before the scientists of the following period seemed simply to be an expansion of Newton's mechanics into wider fields of experience. Actually, physics did develop along these lines for about two centuries. From the theory of the motion of mass points one could go over to the mechanics of solid bodies, to rotatory motions, and one could treat the continuous motions of a fluid or the vibrating motions of an elastic body. All these parts of mechanics or dynamics were gradually developed in close connection with the evolution of mathematics, especially of the differential calculus, and the results were checked by experiments."
How did physics expand following Newton's mechanics?,"Acoustics and hydrodynamics became a part of mechanics. Another science, in which the application of Newton's mechanics was obvious, was astronomy. The improvements of the mathematical methods gradually led to more and more accurate determinations of the motions of the planets and of their mutual interactions. When the phenomena of electricity and magnetism were discovered, the electric or magnetic forces were compared to the gravitational forces and their actions upon the motion of the bodies could again be studied along the lines of Newtonian mechanics."
How was the theory of heat related to Newton's mechanics?,"Finally, in the nineteenth century, even the theory of heat could be reduced to mechanics by the assumption that heat really consists of a complicated statistical motion of the smallest parts of matter. By combining the concepts of the mathematical theory of probability with the concepts of Newtonian mechanics, Clausius, Gibbs, and Boltzmann were able to show that the fundamental laws in the theory of heat could be interpreted as statistical laws following from Newton's mechanics when applied to very complicated mechanical systems."
What difficulty arose after Newtonian mechanics in the field of electromagnetic theory?,"Up to this point the program set up by Newtonian mechanics had been carried out quite consistently and had led to the understanding of a wide field of experience. The first difficulty arose in the discussions on the electromagnetic field in the work of Faraday and Maxwell. In Newtonian mechanics the gravitational force had been considered as given, not as an object for further theoretical studies. In the work of Faraday and Maxwell, however, the field of force itself became the object of the investigation; the physicists wanted to know how this field of force varied as a function of space and time."
How did Faraday and Maxwell approach the theory of electromagnetic fields?,"Therefore, they tried to set up equations of motion for the fields, not primarily for the bodies upon which the fields act. This change led back to a point of view which had been held by many scientists before Newton. An action could, so it seemed, be transferred from one body to another only when the two bodies touched each other; for instance, in a collision or through friction. Newton had introduced a very new and strange hypothesis by assuming a force that acted over a long distance. Now in the theory of the fields of force one could come back to the older idea, that action is transferred from one point to a neighboring point, only by describing the behavior of the fields in terms of differential equations."
What was the result of describing the electromagnetic fields in terms of differential equations?,"This proved actually to be possible, and therefore the description of the electromagnetic fields as given by Maxwell's equations seemed a satisfactory solution of the problem of force. Here one had really changed the program given by Newtonian mechanics. The axioms and definitions of Newton had referred to bodies and their motion; but with Maxwell, the fields of force seemed to have acquired the same degree of reality as the bodies in Newton's theory."
Why was the change in the concept of reality not easily accepted?,"This view of course was not easily accepted; and to avoid such a change in the concept of reality, it seemed plausible to compare the electromagnetic fields with the fields of elastic deformation or stress, the light waves of Maxwell's theory with the sound waves in elastic bodies. Therefore, many physicists believed that Maxwell's equations actually referred to the deformations of an elastic medium, which they called the ether; and this name was given merely to explain that the medium was so light and thin that it could penetrate into other matter and could not be seen or felt."
Why was the ether explanation not satisfactory?,"This explanation was not too satisfactory, however, since it could not explain the complete absence of any longitudinal light waves. Finally, the theory of relativity, which will be discussed in the next chapter, showed in a conclusive way that the concept of the ether as a substance, to which Maxwell's equations refer, had to be abandoned. The arguments cannot be discussed at this point; but the result was that the fields had to be considered as an independent reality."
What was the startling result of the theory of special relativity?,"A further and still more startling result of the theory of special relativity was the discovery of new properties of space and time, actually of a relation between space and time that had not been known before and did not exist in Newtonian mechanics."
What conclusion did some physicists come to after the theory of special relativity?,"Under the impression of this completely new situation many physicists came to the following somewhat rash conclusion: Newtonian mechanics had finally been disproved. The primary reality is the field and not the body, and the structure of space and time is correctly described by the formulas of Lorentz and Einstein, and not by the axioms of Newton. The mechanics of Newton was a good approximation in many cases, but now it must be improved to give a more rigorous description of nature."
How does the viewpoint in quantum theory differ from the conclusion some physicists drew from special relativity?,"From the point of view which we have finally reached in quantum theory such a statement would appear as a very poor description of the actual situation. First, it ignores the fact that most experiments by which fields are measured are based upon Newtonian mechanics and, second, that Newtonian mechanics cannot be improved; it can only be replaced by something essentially different!"
How should the situation be described according to quantum theory?,"The development of quantum theory has taught us that one should rather describe the situation in the following terms: Wherever the concepts of Newtonian mechanics can be used to describe events in nature, the laws formulated by Newton are strictly correct and cannot be improved. But the electromagnetic phenomena cannot adequately be described by the concepts of Newtonian mechanics. Therefore, the experiments on the electromagnetic fields and on light waves, together with their theoretical analysis by Maxwell, Lorentz and Einstein, have led to a new closed system of definitions and axioms and of concepts that can be represented by mathematical symbols, which is coherent in the same sense as the system of Newton's mechanics, but is essentially different from it."
What change did scientists have to make regarding the progress in science?,"Therefore, even the hopes which had accompanied the work of the scientists since Newton had to be changed. Apparently progress in science could not always be achieved by using the known laws of nature for explaining new phenomena. In some cases new phenomena that had been observed could only be understood by new concepts which were adapted to the new phenomena in the same way as Newton's concepts were to the mechanical events. These new concepts again could be connected in a closed system and represented by mathematical symbols."
What problem arose when different sets of concepts were used in physics?,"But if physics or, more generally, natural science proceeded in this way, the question arose: What is the relation between the different sets of concepts? If, for instance, the same concepts or words occur in two different sets and are defined differently with regard to their connection and mathematical representation, in what sense do the concepts represent reality?"
What did the theory of special relativity reveal about the concepts of space and time?,This problem arose at once when the theory of special relativity had been discovered. The concepts of space and time belonged both to Newtonian mechanics and to the theory of relativity. But space and time in Newtonian mechanics were independent; in the theory of relativity they were connected by the Lorentz transformation. In this special case one could show that the statements of the theory of relativity approached those of Newtonian mechanics within the limit in which all velocities in the system are very small as compared with the velocity of light.
What limitation was found in Newtonian mechanics through the theory of relativity?,From this one could conclude that the concepts of Newtonian mechanics could not be applied to events in which there occurred velocities comparable to the velocity of light. Thereby one had finally found an essential limitation of Newtonian mechanics which could not be seen from the coherent set of concepts nor from simple observations on mechanical systems.
What does the relation between different coherent sets of concepts require?,"Therefore, the relation between two different coherent sets of concepts always requires very careful investigation."
What is the next step after discussing the relation between different sets of concepts?,Before we enter into a general discussion about the structure of any such closed and coherent set of concepts and about their possible relations we will give a brief description of those sets of concepts that have so far been defined in physics. One can distinguish four systems that have already attained their final form.
What is the first set of concepts in physics and what does it describe?,"The first set, Newtonian mechanics, has already been discussed. It is suited for the description of all mechanical systems, of the motion of fluids and the elastic vibration of bodies; it comprises acoustics, statics, aerodynamics."
What is the second set of concepts and how is it connected to mechanics?,"The second closed system of concepts was formed in the course of the nineteenth century in connection with the theory of heat. Though the theory of heat could finally be connected with mechanics through the development of statistical mechanics, it would not be realistic to consider it as a part of mechanics. Actually the phenomenological theory of heat uses a number of concepts that have no counterpart in other branches of physics, like: heat, specific heat, entropy, free energy, etc. If from this phenomenological description one goes over to a statistical interpretation, by considering heat as energy, distributed statistically among the very many degrees of freedom due to the atomic structure of matter, then heat is no more connected with mechanics than with electrodynamics or other parts of physics. The central concept of this interpretation is the concept of probability, closely connected with the concept of entropy in the phenomenological theory."
What does the statistical theory of heat require for its interpretation?,"Besides this concept the statistical theory of heat requires the concept of energy. But any coherent set of axioms and concepts in physics will necessarily contain the concepts of energy, momentum and angular momentum and the law that these quantities must under certain conditions be conserved. This follows if the coherent set is intended to describe certain features of nature that are correct at all times and everywhere; in other words, features that do not depend on space and time or, as the mathematicians put it, that are invariant under arbitrary translations in space and time, rotations in space and the Galileo or Lorentz transformation."
How can the theory of heat be combined with other systems of concepts?,"Therefore, the theory of heat can be combined with any of the other closed systems of concepts."
What is the third closed system of concepts in physics?,"The third closed system of concepts and axioms has its origin in the phenomena of electricity and magnetism and has reached its final form in the first decade of the twentieth century through the work of Lorentz, Einstein and Minkowski. It comprises electrodynamics, special relativity, optics, magnetism, and one may include the de Broglie theory of matter waves of all different sorts of elementary particles, but not the wave theory of Schrodinger."
What is the fourth coherent system in physics and its central concept?,"Finally, the fourth coherent system is essentially the quantum theory as it has been described in the first two chapters. Its central concept is the probability function, or the 'statistical matrix,' as the mathematicians call it. It comprises quantum and wave mechanics, the theory of atomic spectra, chemistry, and the theory of other properties of matter like electric conductivity, ferromagnetism, etc."
How are the four sets of concepts related?,"The relations between these four sets of concepts can be indicated in the following way: The first set is contained in the third as the limiting case where the velocity of light can be considered as infinitely big, and is contained in the fourth as the limiting case where Planck's constant of action can be considered as infinitely small. The first and partly the third set belong to the fourth as a priori for the description of the experiments. The second set can be connected with any of the other three sets without difficulty and is especially important in its connection with the fourth. The independent existence of the third and fourth sets suggests the existence of a fifth set, of which one, three, and four are limiting cases. This fifth set will probably be found someday in connection with the theory of the elementary particles."
What is mentioned about the theory of general relativity in relation to other sets?,"We have omitted from this enumeration the set of concepts connected with the theory of general relativity, since this set has perhaps not yet reached its final form. But it should be emphasized that it is distinctly different from the other four sets."
What is considered the most important feature of a closed system of axioms and definitions?,"Perhaps the most important feature is the possibility of finding a consistent mathematical representation for it. This representation must guarantee that the system does not contain contradictions. Then the system must be suited to describe a wide field of experience. The great variety of phenomena in the field should correspond to the great number of solutions of the equations in the mathematical representation. The limitations of the field can generally not be derived from the concepts. The concepts are not sharply defined in their relation to nature, in spite of the sharp definition of their possible connections. The limitations will therefore be found from experience, from the fact that the concepts do not allow a complete description of the observed phenomena."
What is the relationship between physics and chemistry?,"The nearest neighbor to physics is chemistry. Actually through quantum theory these two sciences have come to a complete union. But a hundred years ago they were widely separated, their methods of research were quite different, and the concepts of chemistry had at that time no counterpart in physics. Concepts like valency, activity, solubility and volatility had a more qualitative character, and chemistry scarcely belonged to the exact sciences. When the theory of heat had been developed by the middle of the last century scientists started to apply it to the chemical processes, and ever since then the scientific work in this field has been determined by the hope of reducing the laws of chemistry to the mechanics of the atoms."
Why was it not possible to reduce the laws of chemistry to Newtonian mechanics?,"It should be emphasized, however, that this was not possible within the framework of Newtonian mechanics. In order to give a quantitative description of the laws of chemistry one had to formulate a much wider system of concepts for atomic physics. This was finally done in quantum theory, which has its roots just as much in chemistry as in atomic physics. Then it was easy to see that the laws of chemistry could not be reduced to Newtonian mechanics of atomic particles, since the chemical elements displayed in their behavior a degree of stability completely lacking in mechanical systems."
When was it clearly understood that the laws of chemistry couldn't be reduced to Newtonian mechanics?,But it was not until Bohr's theory of the atom in 1913 that this point had been clearly understood.
How are the concepts of chemistry and mechanics related?,"In the final result, one may say, the concepts of chemistry are in part complementary to the mechanical concepts. If we know that an atom is in its lowest stationary state that determines its chemical properties we cannot at the same time speak about the motion of the electrons in the atom."
How is the current relationship between biology and the physical sciences described?,"The present relation between biology, on the one side, and physics and chemistry, on the other, may be very similar to that between chemistry and physics a hundred years ago. The methods of biology are different from those of physics and chemistry, and the typical biological concepts are of a more qualitative character than those of the exact sciences. Concepts like life, organ, cell, function of an organ, perception have no counterpart in physics or chemistry. On the other hand, most of the progress made in biology during the past hundred years has been achieved through the application of chemistry and physics to the living organism, and the whole tendency of biology in our time is to explain biological phenomena on the basis of the known physical and chemical laws."
What is the question that arises regarding the application of physics and chemistry to biology?,"Again the question arises, whether this hope is justified or not."
What does biological experience reveal about the stability of living organisms?,"Just as in the case of chemistry, one learns from simple biological experience that the living organisms display a degree of stability which general complicated structures consisting of many different types of molecules could certainly not have on the basis of the physical and chemical laws alone. Therefore, something has to be added to the laws of physics and chemistry before the biological phenomena can be completely understood."
What are the two views discussed in the biological literature regarding the understanding of life?,"With regard to this question two distinctly different views have frequently been discussed in the biological literature. The one view refers to Darwin's theory of evolution in its connection with modern genetics. According to this theory, the only concept which has to be added to those of physics and chemistry in order to understand life is the concept of history."
How does Darwin's theory of evolution explain life?,"According to this theory, the enormous time interval of roughly four thousand million years that has elapsed since the formation of the earth has given nature the possibility of trying an almost unlimited variety of structures of groups of molecules. Among these structures there have finally been some that could reduplicate themselves by using smaller groups from the surrounding matter, and such structures therefore could be created in great numbers. Accidental changes in the structures provided a still larger variety of the existing structures. Different structures had to compete for the material drawn from the surrounding matter and in this way, through the 'survival of the fittest,' the evolution of living organisms finally took place."
What do many biologists claim about the addition of history and evolution to physics and chemistry?,"There can be no doubt that this theory contains a very large amount of truth, and many biologists claim that the addition of the concepts of history and evolution to the coherent set of concepts of physics and chemistry will be amply sufficient to account for all biological phenomena."
What argument is used to support the idea that physics and chemistry can explain biology?,One of the arguments frequently used in favor of this theory emphasizes that wherever the laws of physics and chemistry have been checked in living organisms they have always been found to be correct; there seems definitely to be no place at which some 'vital force' different from the forces in physics could enter.
What has lost much of its weight through quantum theory?,"On the other hand, it is just this argument that has lost much of its weight through quantum theory. Since the concepts of physics and chemistry form a closed and coherent set, namely, that of quantum theory, it is necessary that wherever these concepts can be used to describe phenomena the laws connected with the concepts must be valid too. Therefore, wherever one treats living organisms as physicochemical systems, they must necessarily act as such."
What is the key question that can help determine the adequacy of the first view?,The only question from which we can learn something about the adequacy of this first view is whether the physicochemical concepts allow a complete description of the organisms.
What do biologists who believe that the first view is inadequate generally hold?,"Biologists, who answer this question in the negative, generally hold the second view, that has now to be explained."
How is the second view regarding biological phenomena described?,"The second view can perhaps be stated in the following terms: It is very difficult to see how concepts like perception, function of an organ, affection could be a part of the coherent set of the concepts of quantum theory combined with the concept of history. On the other hand, these concepts are necessary for a complete description of life, even if for the moment we exclude mankind as presenting new problems beyond biology."
What does the second view suggest about understanding life?,"Therefore, it will probably be necessary for an understanding of life to go beyond quantum theory and to construct a new coherent set of concepts, to which physics and chemistry may belong as 'limiting cases;' History may be an essential part of it, and concepts like perception, adaptation, affection also will belong to it."
What is the implication if the second view is correct?,"If this view is correct, the combination of Darwin's theory with physics and chemistry would not be sufficient to explain organic life; but still it would be true that living organisms can to a large extent be considered as physicochemical systems as machines, as Descartes and Laplace have put it and would, if treated as such, also react as such."
What suggestion did Bohr make regarding the study of life?,"One could at the same time assume, as Bohr has suggested, that our knowledge of a cell being alive may be complementary to the complete knowledge of its molecular structure. Since a complete knowledge of this structure could possibly be achieved only by operations that destroy the life of the cell, it is logically possible that life precludes the complete determination of its underlying physicochemical structure."
"What is recommended for biological research, according to the second view?","Even if one holds this second view one would probably recommend for biological research no other method than has been pursued in the past decades: attempting to explain as much as possible on the basis of the known physicochemical laws, and describing the behavior of organisms carefully and without theoretical prejudices."
Which view is more common among modern biologists?,The first of these two views is more common among modern biologists than the second; but the experience available at present is certainly not sufficient to decide between the two views.
Why might biologists prefer the first view?,"The preference that is given by many biologists to the first view may be due again to the Cartesian partition, which has penetrated so deeply into the human mind during the past centuries. Since the 'res cogitans' was confined to men, to the 'I,' the animals could have no soul, they belonged exclusively to the 'res extensa.'"
How is the Cartesian view applied to understanding life?,"Therefore, the animals can be understood, so it is argued, on the same terms as matter in general, and the laws of physics and chemistry together with the concept of history must be sufficient to explain their behavior. It is only when the 'res cogitans' is brought in that a new situation arises which will require entirely new concepts."
What is the critique of the Cartesian partition?,But the Cartesian partition is a dangerous oversimplification and it is therefore quite possible that the second view is the correct one.
What is the current status of a coherent set of concepts for biology?,"Quite apart from this question, which cannot be settled yet, we are obviously still very far from such a coherent and closed set of concepts for the description of biological phenomena. The degree of complication in biology is so discouraging that one can at present not imagine any set of concepts in which the connections could be so sharply defined that a mathematical representation could become possible."
"What is the main argument regarding the insufficiency of physics, chemistry, and evolution to explain psychology?","If we go beyond biology and include psychology in the discussion, then there can scarcely be any doubt but that the concepts of physics, chemistry, and evolution together will not be sufficient to describe the facts."
How has quantum theory affected the view on explaining psychological phenomena?,On this point the existence of quantum theory has changed our attitude from what was believed in the nineteenth century. During that period some scientists were inclined to think that the psychological phenomena could ultimately be explained on the basis of physics and chemistry of the brain. From the quantum-theoretical point of view there is no reason for such an assumption.
What is the view on the brain as a physico-chemical mechanism?,"We would, in spite of the fact that the physical events in the brain belong to the psychic phenomena, not expect that these could be sufficient to explain them. We would never doubt that the brain acts as a physico-chemical mechanism if treated as such; but for an understanding of psychic phenomena we would start from the fact that the human mind enters as object and subject into the scientific process of psychology."
How are the different sets of concepts ordered in relation to the subjective element?,"Looking back to the different sets of concepts that have been formed in the past or may possibly be formed in the future in the attempt to find our way through the world by means of science, we see that they appear to be ordered by the increasing part played by the subjective element in the set."
What does classical physics represent in terms of the subjective element?,Classical physics can be considered as that idealization in which we speak about the world as entirely separated from ourselves. The first three sets correspond to this idealization.
How does quantum theory differ in its treatment of the subjective element?,"In the fourth set, that of quantum theory, man as the subject of science is brought in through the questions which are put to nature in the a priori terms of human science. Quantum theory does not allow a completely objective description of nature."
What is said about biology's relationship to the subjective element?,"In biology it may be important for a complete understanding that the questions are asked by the species man which itself belongs to the genus of living organisms, in other words, that we already know what life is even before we have defined it scientifically."
How has the classification of the world in science evolved?,When one compares this order with older classifications that belong to earlier stages of natural science one sees that one has now divided the world not into different groups of objects but into different groups of connections.
What is the distinction between the old classification of objects and the new scientific view?,"In an earlier period of science one distinguished, for instance, as different groups minerals, plants, animals, men. These objects were taken according to their group as of different natures, made of different materials, and determined in their behavior by different forces. Now we know that it is always the same matter, the same various chemical compounds that may belong to any object, to minerals as well as animals or plants."
How does the modern scientific view describe the forces and connections acting in the world?,"Also the forces that act between the different parts of matter are ultimately the same in every kind of object. What can be distinguished is the kind of connection which is primarily important in a certain phenomenon. For instance, when we speak about the action of chemical forces we mean a kind of connection which is more complicated or in any case different from that expressed in Newtonian mechanics."
What is the world described as in modern science?,"The world thus appears as a complicated tissue of events, in which connections of different kinds alternate or overlap or combine and thereby determine the texture of the whole."
What does the mathematical representation of concepts in science aim to achieve?,"When we represent a group of connections by a closed and coherent set of concepts, axioms, definitions and laws which in turn is represented by a mathematical scheme we have in fact isolated and idealized this group of connections with the purpose of clarification."
What is the limitation of mathematical clarity in science?,"But even if complete clarity has been achieved in this way, it is not known how accurately the set of concepts describes reality."
How can the idealizations in science be compared to art?,"These idealizations may be called a part of the human language that has been formed from the interplay between the world and ourselves, a human response to the challenge of nature. In this respect they may be compared to the different styles of art, say of architecture or music."
How can a style of art be defined?,"A style of art can also be defined by a set of formal rules which are applied to the material of this special art. These rules can perhaps not be represented in a strict sense by a set of mathematical concepts and equations, but their fundamental elements are very closely related to the essential elements of mathematics."
What is the role of fundamental elements like symmetry in both art and mathematics?,"Equality and inequality, repetition and symmetry, certain group structures play the fundamental role both in art and in mathematics."
How does the development of an art style parallel the development of scientific concepts?,"Usually the work of several generations is needed to develop that formal system which later is called the style of the art, from its simple beginning to the wealth of elaborate forms which characterize its completion."
What is the focus of the artist during the crystallization of a style?,"The interest of the artist is concentrated on this process of crystallization, where the material of the art takes, through his action, the various forms that are initiated by the first formal concepts of this style."
What happens to the artist's interest after the style has been completed?,"After the completion the interest must fade again, because the word 'interest' means: to be with something, to take part in a process of life, but this process has then come to an end."
How is the idealization in art similar to the idealization in science?,"Here again the question of how far the formal rules of the style represent that reality of life which is meant by the art cannot be decided from the formal rules. Art is always an idealization; the ideal is different from reality at least from the reality of the shadows, as Plato would have put it but idealization is necessary for understanding."
How do some view the connection between science and art?,"This comparison between the different sets of concepts in natural science with different styles of art may seem very far from the truth to those who consider the different styles of art as rather arbitrary products of the human mind. They would argue that in natural science these different sets of concepts represent objective reality, have been taught to us by nature, are therefore by no means arbitrary, and are a necessary consequence of our gradually increasing experimental knowledge of nature."
What argument is presented about the nature of artistic styles?,"About these points most scientists would agree; but are the different styles of art an arbitrary product of the human mind? Here again we must not be misled by the Cartesian partition. The style arises out of the interplay between the world and ourselves, or more specifically between the spirit of the time and the artist."
What does the spirit of a time contribute to the creation of art?,"The spirit of a time is probably a fact as objective as any fact in natural science, and this spirit brings out certain features of the world which are even independent of time, are in this sense eternal. The artist tries by his work to make these features understandable, and in this attempt he is led to the forms of the style in which he works."
How are the processes of science and art similar?,"Therefore, the two processes, that of science and that of art, are not very different. Both science and art form in the course of the centuries a human language by which we can speak about the more remote parts of reality, and the coherent sets of concepts as well as the different styles of art are different words or groups of words in this language."
"How did early life experiences and familial influences shape your interest in languages and mathematics, eventually leading to a fascination with differential calculus during your school years?","I could simply start to tell you just quite informally about what I do recollect from my school time and how I got interested in science. That might be of some interest, I think. Actually I may just mention a few dates. I was born in Wrzburg, and my father was a teacher at the school there, at what we call the gymnasium. He was a teacher in Greek and Latin, and, well, he was a philologist. And then in 1909 my father got a call to the University of Munich as professor of Greek — well, (middle-Greek) — history and a bit of Byzantine history. So the family moved to Munich, and I came here and went to the gymnasium, called (Max) Gymnasium. In Wurzburg my father was not only a teacher at the gymnasium, but also Privatdozent for Greek and Latin at the University. So he had the two jobs together. Then he got the call to the University of Munich, and he got what we call Ordinarius (?n) in Munich. That was around 1909 or '10; I think it was '09. Then I got into this Max Gymnasium in 1910. Now, from these early years at the gymnasium I do recollect that both my interests in languages and in mathematics were rather early. I had a school friend with whom I studied Sanskrit, and actually I still have at home a small dictionary of Sanskrit which I had written in Sanskrit writing at that time. It is, of course, very childish, but still it was an interest. Our father used to play all kinds of games with the two boys he had — I have an elder brother. And since he was a good teacher, he found that the games could be used for educating the children. So when my brother had some mathematical problems in his school work — you know, if one pound of apples costs so much then how much are two or three pounds, or whatever. So he tried to use these problems as a kind of game and find out who could do them most quickly, and so on. Somehow I discovered that I could do that kind of mathematics rather quickly, so from that time on I had a special interest in mathematics. And when we got into real mathematics in school, I felt that mathematics was a subject which fascinated me, so I did study differential calculus, I think, when I was about 12 or 13 years of age. I started that kind of thing very early."
"How did your early exposure to mathematical literature, including your father’s unintended selection of Kronecker’s Latin thesis, and your subsequent fascination with the theory of numbers influence your academic pursuits, leading you to write your own mathematical essays and consider a career in pure mathematics rather than physics during your school years?","Two years, or one and a half to put it more accurately. Then I asked my father to bring me from the library of the University some mathematical books. Now my father had no idea about-mathematics and brought just anything he found, you know. So, for instance, again since he was interested as a teacher, he brought mathematical literature which was written in Latin because he felt I should study Latin at the same time. I think it was in 1916 that he brought me a book which turned out to be the doctor's thesis of Kronecher, on the theory of numbers, written in Latin. I think it must have been then because in '15 my father was in the war so in '16 he was wounded and had come back. So I got interested in the theory of numbers, and I got very strongly interested and tried to do something myself. The teachers of the school sometimes gave out papers with small essays on something, and I found an essay on the equation of (Pell) — that's an equation in the theory of numbers. And that again interested me so much that I tried to write another paper giving a consideration of this problem; you know, the extension to some other cases, and that kind of thing. So actually I did write a paper and tried to send it to that periodical, but it was not accepted. It was, of course, very bad, and I (wasn't) very sorry for it; probably it wasn't good at all anyway. So from that time on I had a strong interest in mathematics, and I should say much more in mathematics than in physics. So when I was in the last classes of school — it was when I was 17, or so — I didn't think to become a physicist, but I was strongly interested in mathematics, and I did think of becoming a pure mathematician."
"How did your education in a classically oriented school and the influence of an encouraging mathematics teacher, Mr. Wolff, shape your interest in mathematics, particularly through his special problems such as the diffraction problem involving elliptic functions, even though his own knowledge of advanced mathematics was limited?","Yes. Well, the school was very heavily classically oriented, but fortunately we had a very good teacher of mathematics. His name was (Wolff); he was a very good man who really did teach the people something. He also found that I was perhaps comparatively good in mathematics, so he tried to interest me and give special problems to me. He told me, 'Try to solve that and that.' I remember once he had given me a problem about diffraction; he had studied diffraction of light in a vessel of water, you know. I did some calculations which led to elliptic functions, and I did quite a long paper with elliptic functions. But then he told me that unfortunately he couldn't say whether it was right or wrong, as he didn't know anything about elliptic functions. But he was a very nice man, and he did help me a lot."
"How did your fascination with the theory of numbers, driven by studies of works like Bachmann’s textbooks, influence your early academic pursuits, including attempts to prove Fermat’s theorem and explore Goldbach’s conjecture, and how did this interest intertwine with your exposure to the theory of relativity through Weyl’s book, your enthusiasm for Plato’s philosophy, and your experiences during the 1918 German Revolution, culminating in your decision to pursue pure mathematics at the University after passing your Abitur in 1920?","Well, yes. I did then study the books of Bachmann — just all the textbooks on the theory of numbers. I was fascinated by the theory of numbers. Bachmann's was a standard textbook on the theory of numbers. I was very interested in Fermat's theorum, and for some time, of course, I tried to prove Fermat's theorem, as everybody does. Then there was (Goldbach' theorm and all that kind of thing. You know, that is a special kind of mathematics which I feel is still nicer than differential calculus because it's quite clear; everything is so that you can understand it to the bottom. That was during the years 1917 and '18. Then, yes, somebody gave me the book of Weyl on the theory of relativity. And that again interested me a great deal, so I tried to understand the Einstein relation and the Lorentz transformation and so on. Still I didn't think about physics. I mean, I was fascinated by the idea that space and time should be changed; that I felt to be extremely interesting. And I should perhaps also add that I had already at that time quite a lot of interest in philosophy in general. So I did study Plato with great enthusiasm. I remember once a scene which was quite nice. You know in 1918 there was a revolution in Germany. There was a lot of trouble here in Munich; there was quite some fighting. When the troops of the government tried to reconquer Munich, I took part [in the defense] — not really in the fighting, but I belonged to a body of troops. Well, was, you know, a boy of 17, and I considered that a kind of adventure. It was like playing robbery, and so on; it was nothing serious at all, but still I was there. I was in an office opposite to the University; there is a seminary for young priests opposite the University — you can easily find the house. There our troop was concentrated, so I had my duty there. I just had to write things for an officer, and sometimes I had to take the guns somewhere; this was nothing serious at all. I had duty during the night, and it was a nice summer in 1919, so during the morning et 4:00 nothing was happening at the office, of course, and somehow I couldn't sleep, so I went up to the roof of the house into the sunshine; it was nice and warm. I had Plato's Timaeus with me. I studied the Timaeus of Plato partly to keep up with the Greek because I had to know Greek for my examination, but partly also because I was really fascinated by atomic theory. You know that all the atomic theory of Plato was in the Timaeus. So my knowledge of the atomic theory of Plato actually went back to this funny thing that I sat on the roof of a house in the (Ludwigstrasse) in Munich and studied Plato. Then I took my examination, the Abitur, in the summer of 1920. And I came to the University with the intention of studying mathematics, pure mathematics."
"How did your time working as a laborer on a farm in Miesbach during 1918, prompted by your family’s struggle to secure food, influence your personal growth and work ethic, and how did it intersect with your academic pursuits, such as your interest in philosophy through Kant’s Critique of Pure Reason and your continuing passion for mathematics, despite the physical demands and long working hours on the farm?","Yes, I did. There was for instance, the following: in the year 1918 I was for some time not in school. First of all we had absolutely nothing to eat in the family. My father was not very clever in having connections to the farmers, so my mother was quite in despair about how to feed us boys. So we decided that I should simply work as a laborer on a farm. So I went out to a farm in Miesbach — that's about 50 miles south of Munich. And that was a very nice job; I was on this farm from the spring to the autumn of 1918. How on a farm, of course, the scientific interest has not to be very strong anyway, but still I do remember that I had in my drawer Kant's Kritik [der reinen Vernunft], you know. I had the books of Kant to study so that at least shows that I was interested in Kant. I do not think that I did much work on it because I discovered very soon that when you do labor on a farm the whole day, then you just can do nothing whatsoever but sleep in the evening, so that was what I did. But I had a very good time on this farm. I was there with about 6 or 7 other boys of about the same age, and we kept the whole farm going, because there were no men at that time. So we came back in very good health because we had very good food, and so on. So taking it all together, I think, that was one of my most important times, considering my education, because on a farm you really learn to work. You know it's not like in school where you think it's not so important. On the farm we had to rise at half past three in the morning, and if the weather was good you had to cut the grass and do whatever else there was to do, and we sometimes worked until 10:00 at night. So it was really very hard work and very good exercise for a young boy. So the studies of Kant probably didn't come to much during that time, but still I remember that I had the Kant with me. But there was, I would say, a moderate interest in philosophy, but I had a much stronger interest in mathematics."
"What factors contributed to the your lack of deep admiration for Ernst Mach’s approach compared to Einstein’s, and how does the your contrast Mach’s style with that of other philosophers like Plato, Kant, and Wittgenstein in terms of poetic expression and modesty?"," I must say that I never have read Ernst Mach quite seriously. I have later on studied it little bit, but that was much later. And in some way I was never much impressed by Mach. I was impressed by Einstein's way of doing things but not by Mach's. And why was that: I would say Mach was always a bit formal for it was too — I would say not too negative, but too modest in what he wanted. It was, perhaps I should say, too little poetical. I mean, Plato is, of course, a poet; that's obvious. Kant is not a poet, but still he has some poetry even in the way he writes, but Mach, I would say, is very little poetical. I mean the positivist is very frequently not poetical with perhaps the exception of Wittgenstein who is in some way also poet."
"What aspects of Ernst Mach’s philosophy does the your acknowledge as significant, and how does the your compare their intellectual attraction to Mach with their admiration for Kant, Plato, and especially Einstein, particularly in relation to the theory of relativity and its transformative impact on the concept of time?","Yes, that we may also say, yes. So he was, I would say, a much stronger personality than many others of this kind were. But there is not a doubt that Mach has been a great philosopher and has contributed enormously to natural science; there's no doubt about it. Still I was not much attracted by Mach. I was attracted by Kant, and then I liked Plato partly as a poet, and partly as a philosopher. But I was very strongly impressed by the way Einstein had done the theory of relativity; this idea of changing the concept of time, that has worried me a great deal and had appealed to me very much. I felt very strongly that something real was happening there, you know — that one could really turn things around; that was a very essential point."
"How did your early experience with learning and teaching differential calculus, along with your irregular mathematical education, influence your approach to studying mathematics at university, and how did your interactions with professors like Lindemann and Sommerfeld shape your academic journey, particularly in relation to your enthusiasm for hands-on problem-solving and your initial work on the anomalous Zeeman effect?","Yes, I had a lot of number theory. Well, I would say I had, practically, a good knowledge of differential calculus. Well, in some way I always succeeded in practicing that sort of thing. You know, that is the kind of subject you have simply to practice; you have to differentiate; you have to solve differential equations, and so on. I got, for instance, the practice in the following way: there was a friend of our parents, a young girl of about 24; she was a chemist, and she was very much in the family. She had to get her doctor's thesis in chemistry, so she wanted to take her examination in chemistry, but she had also to be examined in mathematics as a (main track), you know. Since she wanted to learn differential calculus for that purpose, she asked me to give her advice in it. At that time I was a boy of about 16 or 17. So I gave her regular advice in diferential calculus for, I would say, about three months. And in that time, I don't know whether she had learned it, but I certainly had learned it. And that was a great advantage for me. But, well, she has passed her examination anyhow; I know her still. She is now, of course, an old lady living in Nurnberg and I now just once in a while see her. So that was the way in which I practiced that kind of thing. So I knew differential calculus and integration and that kind of thing comparatively well. I knew the theory of numbers to some extent, but otherwise my mathematical education was very irregular. There were many elementary things of which I had no idea, and other things which I knew comparatively well. So I would say I had a very good chance to get lost in every good examination in mathematics because if I would be asked about elementary things, I would probably be completely lost. Then I came to the University with the definite intention to study mathematics. Since I felt that I already knew something about mathematics, I was very immodest and thought I could already in the first term go into one of the seminars of one of the professors, because I always felt you have to go to hear the man talk and not only go to the lectures. I felt you had to go to the seminar, listen to discussion and so on. But I was not at all lucky in that way. How I must tell complete nonsense, but it's really true in some ways. That is, I went to old Lindemann, the man who had proved the transcendence of pi. He was a bit old at that time and was much engaged in the administration of the University, so he had a room [in the administration department] of the University. In some way he didn't like for a student to come into his office at that time, but my father had asked him whether I could see him to ask him about the seminar, so he couldn't say no. Well, in some way, apparently, he didn't like it too much. Anyway, then he had a funny habit: on his desk he had, beside him a little dog, a pet dog which he liked very much. This pet do: would sit there on the writing desk and would, of course, look at every visitor there, and in some way the dog didn't like me at all. The dog started barking with an enormous noise. So it was quite difficult for the old gentleman to hear what I said; perhaps he was a bit deaf already, and so on. Anyway that was a difficult conversation. Then he heard that I wanted to take part in his seminar in the first term of the university, he was a bit shocked, already. Then he asked me, 'Well, what was the last book on that kind of subject which you have read?' Then I told him that I had read the book of Weyl, Raum, Zeit Materie, with much mathematics in it. Then he said, 'Well, now that means that you are apoiled for mathematics forever.' So I went out with no success, and I felt, 'Well, really the old gentleman didn't like that at all, so I'd better go somewhere else.' So I came back to my father, and we talked about where I should go. At that time he was a good friend of Sommerfeld; he saw him quite frequently outside of the university. So he said, 'Well, you might just as well see Prof. Sommerfeld, and perhaps you could also go to his seminar.' Now, with Sommerfeld it was just the opposite, you know. He was very friendly and said, 'All right, you have an interest in mathematics; it may be that you know something; it may be that you know nothing; we will see. All right, you come to the seminar, and we will see what you can do.' So I came to Sommerfeld, and already four weeks after I attended his seminar he gave me a problem, which was, of course, very nice. Sommerfeld gave me the experimental values of the anomalous Zeeman effect. He had just published a minor Paper which he told me was not important at all. He said, 'Since we suppose from Bohr's work that every frequency is a difference between two energies, one should expect that in these funny numbers' — which one had in the anomalous Zeeman effect for the splitting — 'that the denominator should be the product of two denominators belonging to the two states.' And that he called the multiplication law of the denominators. Well, of course, it was a minor point, but he said that in this way he would feel that it should be possible to disentangle the line frequencies into statements about the stationary states — initial and final states. And he wanted me to find out what the initial and final states were using selection rules. This, of course, was just the kind of work which I loved to do because I always felt it's nice to do problems oneself."
"How did the your early engagement with the anomalous Zeeman effect, their unconventional approach to quantum numbers, and their experience with Sommerfeld and Lande shape their unique educational journey in physics, and how does the your reflect on the blend of theoretical and practical learning that characterized their initial training in the field?","That was the autumn of 1920, yes, as I recall. One can never be certain ... It was very shortly after this paper of Sommerfeld. Sommerfeld at once thought that if this multiplication law is correct, it simply means that you can disentangle the levels, and that is, of course, a simple thins to do. Well, in some way, he must have had difficulties because probably he had tried himself: and in some way it didn't work out as he wanted. And I know the reason; he felt that he must do it with integral quantum numbers, and then, of course, it didn't work out. Since I was a complete dilettante and amateur and didn't know anything, I thought, 'Well, why not try half quantum numbers?' Then we had a long discussion whether half quantum numbers would be allowed or would not be allowed, but finally it was agreed upon that probably half quantum numbers were correct. Then Sommerfeld had received a letter from Lande telling him that he was interested, and in some way he was closer to the experiment; he had worked with Paschcn and rack in Tubingen. So I think that I have not published on this thing and that only Lande has published on it, which was quite all right because he had started earlier. Anyway I remember this story about the half quantum numbers very well. For quite a long time nobody knew whether that was decent physics or was not. I mean, nobody, of course, thought about the (half integral) representation of the group theoretical side of this problem. That was far away still. So that was at least my entrance into physics at that time. I started at once with the anomalous Zeeman effect; that was practically the very beginning of my study in physics, and, again, it contributed to a very irregular education and training in physics. On the one hand, I learned quantum theory and Bohr's quantum conditions. On the other hand, I had first to learn classical mechanics; well, I had to solve the ordinary training problems, and so on. Still it was great fun; it was much more fun for a student to solve problems than just to study and to hear lectures."
"How did the your early education in classical mechanics, particularly through the Kepler problem, and their subsequent in-depth learning under Sommerfeld shape their understanding of physics, and what impact did Sommerfeld’s personalized teaching approach, optimism about Bohr’s work, and the discussions with Pauli have on the your perspective on the nature of scientific discovery, particularly in relation to Bohr’s intuition and its limitations?","Well, in school we had very little. In school, yes, we had in school the very elements of classical, mechanics; there is a law that mass times acceleration is force. And, of course, then I tried in school to solve the differential equations for the Kepler ellipse. And in that I did succeed; I mean, I could at least do differential calculus to the extent that I could solve the Kepler problem. So that I had done, and so far I knew a bit about classical mechanics. But still the real fundamentals — I mean, the axioms and all that kind, of thing — that I first learned when I was in Sommerfeld's lectures. Sommerfeld was an excellent teacher simply as regards the time which he took for every student. I think almost every morning I was in Sommerfeld's room for at least one hour or two hours, and he would ask me questions and talk to me and so on. He made an enormous effort with his pupils, which is, of course, the first condition of being a good teacher; that is obvious. Well, he had this ability to fascinate people, to induce them to attack the problems by saying, 'Well, I can't solve these problems, now you try it.' He said that kind of thing. That is, of course, a thing which appeals to the young men; then they will try to use their force. So that was a great time I had from the very beginning. Then, I remember, very shortly after that time of the anomalous Zeeman effect, Sommerfeld gave me the papers of Bohr which had just appeared. And Sommerfeld was so optiristic that he said, 'Well, now it seems that Bohr can calculate the whole periodic system of elements because now here he writes about all the different stationary states of the different elements. That must mean that now he has got the key to calculating all the stationary states.' Also Pauli, who was also in Sommerfeld's seminar at that time, was quite optimistic. Only later we discovered that this was all guessed by Bohr, but not calculated; and that it was all his enormous intuition. He knew how things were, and there was not any way of calculating it. Well now should we stop, perhaps, at this point, or shall we go on?"
"How did your diverse academic experiences, including your exposure to mathematics, astronomy, and physical chemistry, shape your educational development, and what role did your relationship with teachers like Rosenthal play in fostering your passion for problem-solving, while contrasting this with your lack of interest in more formal, exact mathematics as taught in Pringsheim’s lectures?","I tried to get some training. I did go to the lectures of Lindemann and Voss in mathematics. I went to the lectures in astronomy to get some information about astronomy. I did also go to lectures in Physical chemistry; to Herzfeld, for instance. Herzfeld was a good teacher, so I liked his lectures. I got the best mathematical training with Rosenthal. He was a mathematician who later on went to the United States. I have met him still some years ago in the States, but I have been informed that he has died recently. He was a very nice gentleman; he was small, had a tiny figure, and was very lively. And he was, again, an excellent teacher; he could make mathematics so interesting that one tried to solve all the problems. So actually we had exercises with the lecture, and the students had to solve problems. And it turned out that practically all the problems, through the whole term, were only solved by always two students in turn. One was the present Professor (Sauer) at the Technische Hochschule in Munich and the other one was myself. So we always traded it around, and either he would solve the problem or I would; no other one did them. But this made a little game, and we had great fun from it. That was all at this time. At the same time I attended the lectures of on the theory of functions and the proofs of convergency, and so on. And I was terribly bored; I didn't like it at all. I had no success whatsoever with Pringsheim lectures. That kind of exact mathematics, you know, where you prove that it converges within this and this range, and so on, in some way never appealed to me. So I had no success, and I went away again."
"Once you had made the first connection with Sommerfeld, was the decision about physics sort of automatically made? Or did you think again of doing mathematics?","I think it was more or less automatically made. That is I did still think of mathematics, but then, again, the fact that I had no success with Pringsheim's lectures, in some way taught me that I was not very well suited for a study of mathematics. I would say I was too schlampig for mathematics. ... So it was more or less automatic that I went into physics, and I got interested in relativity. Then I met Pauli among Sommerfeld's students; and he had a very strong influence on me. I mean, Pauli was simply, also, a very strong personality, you know. He would talk to and he was extremely critical. I don't know how frequently he told me, 'You are a complete fool,' and so on. helped a lot, you know. So we always were very good friends, and we never minded when we criticized each other. So that was very nice."
You knew Pauli then from the very beginning? Was he in that first seminar you were in?,"Yes; he was already at Sommerfeld's when I came there, so I met him. Well I don't recall what our first conversation was. Yes, I do even recall our first conversation. I had seen him sitting there at a desk in the seminar but never spoke a word with him, and at that time somehow I got interested in general relativity. Sommerfeld had talked about a letter he had gotten from Einstein about general relativity — whether there vas a red shift or was no red shift, and so on. And I had studied this book of Weyl's again, and I had not understood the special formula about — well, there was a formula I couldn't understand. So I thought 'Well, there is this Pauli.' And Pauli had written on general relativity; that I knew of. And he was writing a book on it. So I asked him, and he then explained the thing to me. He always knew everything, and so i think that was definitely our first conversation. So then I was impressed that a man of my age already knew all about general relativity, and so I was at once interested in this fellow student who sat there and knew so much. And from that time on, we started again and again discussing things. Then when the Bohr paper came, Pauli was interested. Then I asked him, 'What do you think about this new paper of Bohr's? How did he calculate it, and so on?' So that was a very early connection."
"How did your preference for discovering how things work in mathematics, rather than focusing on formal proofs, shape your approach to learning, and why did you find the process of proving mathematical concepts to be unappealing, comparing it to a process of “cheating” where the journey through the reasoning felt disconnected from the outcome?","Yes, that's quite interesting. I would say, I had never much fun in mathematics where you have to prove something. But I had much fun in mathematics where you have to find out how things are. I don't know whether that says anything, but I think it's that way. This proving of such and such I found to be almost like cheating. You start somewhere, and then you go into a dark tunnel and then you come out some other place. You find you have proved what you wanted to prove, but in the tunnel you don't see anything. So I never liked that very much."
Was there much industrial physics in Germany then? ,"I would say, yes, there was a lot of industrial chemistry, and industrial physics did start to some extent. I would say that an experimental physicist had a good chance, or, at least, a finer chance to set a job at the Siemens factory or at the A.E.G. — at the electric factories, or in optics, or so. But a theoretical physicist had not much chance, so that was a question. Only later when there was a definite hope that I could enter at the University, then my father was somewhat —. Well, he felt that it was all right. But I remember that still —. You know, I was very little successful with my doctor's thesis; I almost didn't make the examination in the doctor's degree. Then my father was so worried that he wrote a long letter to Max Born asking him for his serious advice about whether his boy was on the right track. Because after such a poor examination on the doctor's thesis it seemed quite doubtful to my father whether I would have a chance to enter into science. But Born was quite optimistic about it, so that was all right."
"Would, your father have had the same sorts of worries about a career if you had been in mathematics? Were there school jobs in mathematics that there were not in physics?","Well, perhaps he would have thought that mathematics was a more firmly established subject than theoretical physics. My father knew about some troubles within the University between experimental physics and theoretical physics. Here in Munich, there was really a rather difficult situation between Willy Wien, who was an experimental physicist, and Sommerfeld. Now, this difference between the two men was perhaps, partly, a political difference. I would say Willy Wien was very much on the right side of politics, and Sommerfeld on the left side, if these terms left and right mean anything. Besides that Willy Wien considered experimental physics as the center of physics, and in some way he disliked theoretical physics. He still, of course, had been a theoretical physicist himself — you know Wien's law. But certainly one would say that he disliked every Physics which was not as clear as classical Physics, so quantum conditions and that sort of thing, that he considered as a kind of weak talk which meant almost nothing. And I do remember that Willy Wien gave, when he was rector of the University, a speech about atomic physics and never mentioned the name of Sommerfeld. Everyone felt that that is a thing that one can't do because Sommerfeld after all was a very famous and certainly a very good physicist. So there was lots of trouble between the two, and my father was worried because he saw this trouble and saw that men like Wien just disliked theoretical physics as a kind of subject."
"The philosophical and professional divide between Sommerfeld and Willy Wien, particularly in regard to quantum theory, must have had a significant impact on the academic atmosphere. Sommerfeld’s strong intuition and foresight into the potential of quantum mechanics contrasted sharply with Wien’s more traditional, classical view. Wien’s reluctance to accept the non-classical nature of quantum theory and his opposition to the uncertain knowledge surrounding it, as well as his admiration for Schrödinger’s wave mechanics, reflected his desire to return to a more deterministic and classical framework.It seems that for Sommerfeld, the absence of full mathematical clarity in quantum theory was not a hindrance but a signal of its deeper, intuitive significance. How do you think this tension between theory and intuition played a role in shaping the evolution of physics during this period?","I would say it was the first thing; he was against the non-classical nature. It was this thing which people criticized as Sommerfeld's mysticism. I mean, you know he was enthusiastic for having integral numbers and that hind of thing. He knew, of course, quite well that quantum theory was not consistent. I mean, as he did classical physics he was a very good physicist and has written a number of excellent papers which wore comletely clear. On the other hand, he had an enormous instinct, or intuition for how physics really is. Therefore, he didn't mind contradictions when he knew, 'Well, finally this must be so.' So I was always greatly impressed by this ability of Sommerfeld's to see quite early what are the important problems and how they will finally be solved. I remember that later on, when I had to write about Sommerfeld, I studied his papers. I found a talk which he had given in the year 1910 or '11, at the Physical Society in Germany. At that time, of course, everybody spoke about the success of relativity and so on, but quantum theory was completely unclear. There was only the Planck paper and Einstein's paper on the light quanta which nobody believed. And Sommerfeld said, 'Well relativity is now such a nice subject, and many people think that is an interesting success, and, of course, it is most interesting. 'But,' he says, relativity is in some ways finished now — special relativity. It has been solved by Einstein, and that was a great achievement. But the most interesting part of physics at the present is quantum theory; that is the key to all the problems of chemistry. That is the key to—, and then he had a long list of what quantum theory would once be the key. And I was greatly impressed by this possibility of Sommerfeld to see so early what the point was. That was his force. So when Bohr's paper had appeared in 1918 and 1920, and so on, he knew that Bohr was right about the system of the elements, in spite of the fact that nothing came out from mathematics. I mean, it was all intuition from Bohr, but Sommerfeld at once could see, Well, that is the right way to go. And Wien disliked this tremendously because he felt, Well, only people who have that kind of intuition can take part in the game. And the people who haven't, well, they just can't help it, that's it. I would say that was one of the reasons — that you could not use the standard methods of doing things, you could not use your classical way of calculating things. It was such a funny situation; you always had to work in a kind of fog of uncertain knowledge, and so on. And Sommerfeld liked it; he felt, Now I see how things are connected, and that's enough. Well, the two personalities, Wien and Sommerfeld, were very different in this way, and therefore, it was quite natural that they wouldn't understand each other. I remember that this difference between the two came sometimes to very hard fights, and the worst of all was later. After quantum mechanics had been pubblished — the papers of Born and Jordan and myself — and the Schrödinger papers had appeared, then Willy Wien was enthusiastic about Schrodinger's way of doing things. He hoped that now everything would come back to classical physics. So he never wanted to hear anything about quantum mechanics and he just disliked it. But he was interested in wave mechanics, so he had invited Schrodinger to give a talk about wave mechanics at the University here. This invitation was sent out simultaneously by Sommerfeld and Wien, and the lecture actually took place in Sommerfeld's lecture room. So Schrodinger gave a talk. At that time had the idea that really the stationary states were not energy states, but just frequencies, that the whole thing comes down to classical physics. You have to have a continuous wave around the atomic nucleus and that has a frequency and so on; you know the kind of philosophy. Now, Sommerfeld, of course, you kmow, he was not so certain in this kind of thing. He was not quite certain whether he should criticize Schrodinger or not. In some way he felt, Well, this is very beautiful, what Schrodinger does, and it certainly was. And so, he thought, It may be true, and quantum theory may not be true, and so on. So I started at that time — but I was a very young man — to argue with Schrodinger. And Willy Wien was simply furious. I criticized Schrodinger; I said, Well, that cannot be true because when you make these assumptions, you cannot even explain Planck's law. That was simple thermodynamics; I mean, that was clear from Einstein's paper of 1918, and so on. But Willy Wien got up and almost threw me out of the lecture room. He said, Young man you still have to learn physics, and it will be better if you sit down! or something like that, you know. So he was so angry. And then he said, Well, there may be still some difficulties with Planck's law; we have no doubt that Mr. Schrodinger will solve these difficulties. We need not worry about this at all. Well, that was the hind of situation it was."
When did you actually learn enough English so that you read scientific papers in English?,"Well, actually, I should say in Copenhagen. I might come to this point later on. When I came to Copenhagen, it was arranged that I should stay with a very nice old lady who played a big role in [Bohr's] Institute; that was Mrs. Maar. Mrs. Maar was a widow, and she had a nice house, and she had a habit of having young people from Bohr's Institute living with her. Oscar Klein had been the first to live with her, Kramers was in her house quite frequently, and I was either the successor of Klein or of Kramers, I don't know which. This was my first longer trip, for half a year, to Copenhagen. My first longer trip. She was very much interested in these young people and she realized very soon that it was very important for a young German to learn languages. I decided for myself that if I lived in Denmark that I wanted to learn Danish. At the same time, being at the Institute, I had to learn English. I first concentrated on Danish. Every day after lunch, she took one or two hours out of her day's work and talked Danish with me, and read newspapers. So I actually did acquire the Danish rather soon — not very well, but so that I could get along. At the same time, then very soon also, we took up English. After about ten or twelve weeks in Copenhagen, Bohr asked me to give a talk at the Colloquium, and I expected that this talk should be in Danish, so I prepared my talk in Danish. I was quite proud that I had now prepared a good talk, as I thought. Just half an hour before the Colloquium started, Bohr told me, Well, it's obvious that we talk in English. That was, of course, very bad. Well, I tried the best I could, but I think it was extremely poor. But anyway, through Mrs. Maar, who really had done a lot of work with me, and was extremely kind to me, I did learn the two languages fairly well after a while. It was only from this time on that I really could read English without difficulty. I had read some English papers already in Munich, but only with some difficulty. I never had English in school — at that time we only had French in school. Well, I knew a bit of English from my mother. She had thought that I should learn English, so she had made a little effort while I was in school to teach me English, but not very efficiently."
How did Sommerfeld’s willingness to accept contradictions in quantum mechanics contribute to the development of the theory?,"I would say that this was a problem in Munich in so far as people saw that one couldn’t have both at the same time. You can’t say that light is waves and light are light quanta without making contradictions. On the other hand, I think, it was clear in Munich that somehow one had to take the contradiction and had to consider it as a part of physics for an unknown reason. One said, ‘Well, something hasn’t been understood here, but in some way it looks as if there were light quanta and in some way it also looks as if there were waves, and we just don’t understand what it is all about.’ But I think nobody in Munich would have dared to say there can’t be light quanta because we have interference patterns, and also he wouldn’t dare to say that we can’t have interference of optical waves because there are the light quanta. So I think the Einstein paper of 1918 had made a very strong impression on everybody because one could see there that the light quanta are a reality and have to do with this business of the stationary states and so on. And still the waves as well have some kind of reality, and so one simply got into the habit of contradictions, as something which one must face."
"I mean one didn’t simply say, ‘Well, this is all nonsense.’ That was the main difference between the Sommerfeld Institute and Wien’s Institute. In Sommerfeld’s Institute, the people dared to be inconsistent, to simply say, ‘Well, we know that it is inconsistent. Well, we can’t have it, but we have to take it. We just see that nature is that way, and nature manages to get through it.’ That is a different question.",How did the difference in attitude towards contradictions between Sommerfeld and Wien influence the acceptance of quantum mechanics?
How did Pauli’s failure to calculate the hydrogen molecule ion signal the beginning of a crisis in quantum theory?,"We apparently could calculate stationary states and when Bohr’s paper came out on the Periodic System, the first idea was, ‘Well, now Bohr has actually succeeded in calculating the stationary states of all the different atoms.’ Everybody was very happy and said, ‘Well, that’s just excellent.’ I think that was the general attitude. The idea that one really came into a crisis, namely that this calculation of the stationary states was simply wrong, did not occur to people in ’20 and ’21."
How did the early recognition of the limitations of earlier quantum models contribute to the development of quantum field theory?,"I think the first instance when this occurred was when Pauli had tried to calculate the hydrogen molecule ion and didn’t succeed. That made a strong impression on Sommerfeld and on many people in the Munich Institute. Then, of course, one tried to find excuses: ‘Well, why should it perhaps not go? Why should it not work in the hydrogen molecule ion, but only in the hydrogen atom?’ But in some way that was the first moment when really this confidence was shaken."
How did the Bothe-Geiger experiments and Bohr’s perspective contribute to the resolution of debates about statistical conservation of energy?,"I would say that most people would have, at that time, said, ‘Well, it looks as if energy and momentum are only conserved statistically.’ But they would not be apt to take it very seriously. They would say, ‘Well, we don’t understand. We have the wave there, we have the light quanta, both things must be right somehow, but we don’t know what somehow means. It looks as if the whole thing was only statistical, but it also sometimes looks as if it was not statistical, so we just don’t know.’ It was only much later that one really could, by experiments, decide whether or not energy was conserved in the single acts. This was in the Bothe-Geiger experiments. That was, of course, a very important step. May I just come to this later period for one moment? I remember that already before the Bothe-Geiger experiment was really carried out that Bohr felt that it should come out the way it later did come out, that this statistical conservation was not the real point. So Bohr had in some way already talked himself out of this idea of only statistical conservation, probably because he had seen that this brought very great difficulties in many places in physics. So one simply came back to the old situation and one felt, ‘Well, it looks as if it was only statistical, but really when you check it, it is not statistical, and so we just don’t understand what happens.’ It was only later on that one felt — that was also, of course, due to Bohr — that all these words don’t really get hold of the real situation. So that the word light quantum, or wave and so on, each such word always implied certain pictures which are not correct. Therefore, one could not get the whole thing to fit."
"Why did physicists initially push quantum theory away, and how did they perceive its contradictions compared to classical physics?","I would describe the whole story perhaps in this sense, that up to the time around 1918 most physicists had in some way pushed quantum theory away. One knew, of course, about the paper of Planck and the papers of Einstein and so on, but still this was, so to say, a rather disagreeable feature of physics that was better not to talk about, you know. So nobody really liked to take these things seriously because one understood that then one got into all kinds of contradictions and troubles. I remember that Otto Stern once told me that when he had read about the first Bohr paper, that he had said to some of his friends, ‘Well, if that is correct, what Bohr says in his paper, then I give up physics. That’s really no use.’ You know, that was the kind of tendency because up to that time one had this wonderful closed classical physics without any contradiction, with a perfect mathematical scheme, with the nice techniques of Hamilton and so on, and now all of a sudden somebody introduced a lot of contradictions into this scheme. Therefore, most physicists just preferred not to talk about it."
How did the Stark effect and the Bohr theory contribute to a growing interest in quantum theory despite early resistance?,"Then there came the Stark effect, and the great success of the Bohr theory; that, of course, made some people listen. They said, ‘Well, all right; that must be something.’ Then gradually interest arose, and I think Sommerfeld did a lot by writing his book, so he aroused some interest, widely, but still not too successfully. Then there came the Bohr papers. First of all these papers were published at the place where they were difficult to be found; then it was partly in English, so people in Germany wouldn’t realize too much about these papers. But gradually there came some interest at many places."
What role did the invitation of Niels Bohr to Göttingen play in shifting the focus of theoretical physics at the institute?,"I think in Gottingen the situation was just like that. They had heard about his paper; they had some connection, of course, with Munich and some with Copenhagen. So Born at some time must have decided, ‘Well, after all, now, the theory of the crystals is getting a bit annoying. I have done it so many years, why shouldn’t I try something else? There is this Niels Bohr, and that seems to be exciting stuff. Nobody knows what it is all about; shall we not invite Niels Bohr?’ Then there was Franck who had done some work in that direction, so they both decided to invite Niels Bohr for a meeting. And apparently, from this time on, perhaps as a consequence of the meeting, or perhaps from former ideas, he decided, ‘Now I will change my institute into an institute where we really do these things. When we really get into these problems, we might be able to do something in the research.’ So I think that is also the reason you stated in your papers why in Gottingen there was a clear change from one direction in theoretical physics to a new direction in theoretical physics just around the Bohr meeting. The Bohr meeting was a part of this change — an essential part of this change."
"How did the Bohr meeting signify a breakthrough for quantum theory, and which centers of physics showed the most interest afterward?","So I think in some way you may say that this was just the time of a kind of break-through. Many people had been gradually a bit interested in these things, but many other people said, ‘Well, it’s just so disagreeable.’ Then all of a sudden they said, ‘Well, there must be something in it. There is something; we don’t know what, but now we shall try to do something about it.’ Still, after the meeting, I think, the real interest was limited to a few centers. There was Munich, of course; there was Copenhagen; very little in Cambridge — Cambridge only through the connection to Bohr. Perhaps there was a bit at Hamburg; I don’t know whether Lenz had already gone to Hamburg at that time. Pauli was at Hamburg also for some time. But it just started, you know."
What role does the theory of relativity play in modern physics?,"Within the field of modern physics, the theory of relativity has always played a very important role. It was in this theory that the necessity for a change in the fundamental principles of physics was recognized for the first time."
How is the theory of relativity different from quantum theory in terms of development?,"In some sense, it may be said that contrary to quantum theory, the development of the theory of relativity from the final recognition of the difficulties to their solution has taken only a very short time."
What was the significance of Michelson's experiment and Einstein's paper?,"The repetition of Michelson's experiment by Morley and Miller in 1904 was the first definite evidence for the impossibility of detecting the translational motion of the earth by optical methods, and Einstein's decisive paper appeared less than two years later."
What earlier development led to the theory of relativity?,"On the other hand, the experiment of Morley and Miller and Einstein's paper were only the final steps in a development which had started very much earlier and which may be summarized under the heading 'electrodynamics of moving bodies.'"
Why was the electrodynamics of moving bodies important?,"Obviously, the electrodynamics of moving bodies had been an important field of physics and engineering ever since electromotors had been constructed."
What problem arose in the field of electrodynamics due to Maxwell's discovery?,"A serious difficulty had been brought into this subject, however, by Maxwell's discovery of the electromagnetic nature of light waves. These waves differ in one essential property from other waves, for instance, from sound waves: they can be propagated in what seems to be empty space."
How does light differ from sound in terms of propagation?,"When a bell rings in a vessel that has been evacuated, the sound does not penetrate to the outside. But light does penetrate easily through the evacuated volume."
What was the assumed nature of light waves before relativity?,"Therefore, one assumed that light waves could be considered as elastic waves of a very light substance called ether which could be neither seen nor felt but which filled the evacuated space as well as the space in which other matter, like air or glass, existed."
What question arose about light waves and ether?,"The idea that electromagnetic waves could be a reality in themselves, independent of any bodies, did at that time not occur to the physicists. Since this hypothetical substance ether seemed to penetrate through other matter, the question arose: What happens if the matter is set into motion? Does the ether participate in this motion and if this is the case how is a light wave propagated in the moving ether?"
Why are experiments relevant to the motion of bodies and ether difficult?,"Experiments are difficult because the velocities of moving bodies are usually very small compared to the velocity of light. Therefore, the motion of these bodies can only produce very small effects, which are proportional to the ratio of the velocity of the body to the velocity of light, or to a higher power of this ratio."
What experiments measured small effects in the motion of bodies?,"Several experiments by Wilson, Rowland, Roentgen and Eichenwald, and Fizeau permitted the measurement of such effects with an accuracy corresponding to the first power of this ratio."
How did Lorentz's theory of electrons contribute to understanding these effects?,The theory of the electrons developed by Lorentz in 1895 was able to describe these effects quite satisfactorily.
"What new situation did the Michelson, Morley, and Miller experiment create?","The experiment of Michelson, Morley, and Miller created a new situation, as it did not reveal the expected effects, leading to a reevaluation of assumptions about the ether."
What was the main objective of experimenting with bodies of high velocity?,"To get bigger effects and more accurate results, it seemed best to do experiments with bodies of very high velocity. The earth moves around the sun with a velocity of roughly 20 miles/sec."
What was the expected effect of the motion of the ether on the velocity of light?,"If the ether is at rest with respect to the sun and does not move with the earth, this motion of the ether with respect to the earth should make itself felt in a change of the velocity of light. The velocity of light should differ depending on whether it is propagated in a direction parallel or perpendicular to the motion of the ether."
How did altitude factor into the expected effects of the ether's motion?,"Even if the ether should partly move with the earth, there should be some effect due to what one may call wind of the ether, and this effect would then probably depend on the altitude above sea level at which the experiment is carried out."
Why was the expected effect from the ether's motion very small?,"A calculation of the expected effect showed that it should be very small, since it is proportional to the square of the ratio of the velocity of the earth to that of the light."
What was the challenge in conducting experiments to measure the effect of the ether's motion?,One therefore had to carry out very careful experiments on the interference of two beams of light traveling parallel or perpendicular to the motion of the earth.
What was the result of Michelson's initial 1881 experiment?,"The first experiment of this kind, carried out by Michelson in 1881, had not been sufficiently accurate."
How did later repetitions of Michelson's experiment fare?,Even later repetitions of the experiment did not reveal the slightest signs of the expected effect.
What did the experiments of Morley and Miller in 1904 demonstrate?,The experiments of Morley and Miller in 1904 could be considered as definite proof that an effect of the expected order of magnitude did not exist.
How did the results of Morley and Miller's experiment challenge previous assumptions?,The negative result of the experiment revived the idea that the 'principle of relativity' could be true in electrodynamics as well as Newtonian mechanics.
What is the principle of relativity in Newtonian mechanics?,"In Newton's mechanics, the 'principle of relativity' states that if a system of reference fulfills the laws of Newtonian mechanics, this is also true for any other frame of reference in uniform nonrotating motion with respect to the first system."
How was the principle of relativity applied to optics and electrodynamics?,"In optics or electrodynamics, it was previously thought that the principle of relativity could not be true, as the motion of a system with respect to the ether should be recognized by effects like those considered in Michelson's experiment."
What did Fizeau's 1851 experiment seem to contradict?,Fizeau's 1851 experiment seemed to contradict the principle of relativity. He measured the velocity of light in a moving liquid and found that the total velocity was somewhat smaller than the sum of the velocity of the liquid and the velocity of light in the liquid at rest.
How did the negative results of recent experiments influence theoretical physicists?,"The negative results of recent experiments, which failed to recognize motion 'with respect to the ether,' inspired theoretical physicists and mathematicians to search for mathematical interpretations that reconciled the wave equation for the propagation of light with the principle of relativity."
What did Lorentz suggest in 1904?,"Lorentz suggested in 1904 a mathematical transformation that fulfilled the requirements of the principle of relativity. He introduced the hypothesis that moving bodies are contracted in the direction of motion and that there are different 'apparent' times in different reference frames, which replace 'real' time."
Who else discussed similar ideas to Lorentz's transformation?,"Similar ideas had been discussed by Poincare, Fitzgerald, and other physicists."
What was the decisive step taken by Einstein in 1905?,The decisive step taken by Einstein in 1905 was to establish the 'apparent' time of the Lorentz transformation as the 'real' time and abolish what Lorentz had called 'real' time. This was a radical change in the foundations of physics.
What change did Einstein's paper in 1905 introduce?,"Einstein's paper in 1905 introduced a change in the structure of space and time. By consistently applying the Lorentz transformation, he showed that space and time were interconnected in a new way, leading to the abolition of the ether and a new understanding of light waves and electromagnetic fields."
How did the concept of ether change after Einstein's 1905 paper?,"After Einstein's 1905 paper, the concept of ether was abolished. Since all systems of reference in uniform translation motion with respect to each other are equivalent, the idea of a stationary ether in only one of these systems was unnecessary."
What is the new understanding of light waves and electromagnetic fields after Einstein's paper?,"The new understanding is that light waves propagate through empty space and that electromagnetic fields are a reality of their own, capable of existing in empty space without the need for the ether."
Why is it difficult to describe the change in space and time without mathematics?,It is difficult because the common words 'space' and 'time' refer to an idealized and oversimplified version of the real structure of space and time. A proper description requires mathematical language.
How does Einstein define 'past' and 'future' in the context of relativity?,"Einstein defines 'past' as all the events that we could know about or hear about in principle, and 'future' as all the events that we could influence or change in principle. This definition remains invariant against the motion of the observer."
Does the content of 'past' or 'future' depend on the observer's state of motion?,"No, the content of 'past' and 'future' does not depend on the state of motion or other properties of the observer. This is true in both Newtonian mechanics and Einstein's theory of relativity."
How does classical theory view the relationship between the future and past?,"In classical theory, the future and past are assumed to be separated by an infinitely short time interval, which is called the present moment."
How does the theory of relativity differ in its view of the relationship between the future and past?,"In the theory of relativity, future and past are separated by a finite time interval, the length of which depends on the distance from the observer. The situation is different because events are connected by light signals that can only propagate at or below the speed of light."
What is the 'present time' for an observer in relativity?,"The 'present time' for an observer is the finite time interval between two characteristic times: one when a light signal is sent from an event to reach the observer, and the other when a light signal is sent by the observer to reach the event."
What does the phrase 'may be called' refer to in the concept of simultaneity in relativity?,"The phrase 'may be called' highlights an ambiguity in the term 'simultaneous,' which arises because it has been formed from daily life experience where the velocity of light is considered infinitely high. In relativity, simultaneity can be defined differently."
How does Einstein define simultaneity in his papers?,"Einstein defines simultaneity as follows: when two events happen at the same point in space at the same time, they coincide. If two events happen at different points in space, they can be considered simultaneous if light signals from both events meet at a common point in space at the same time."
What is one consequence of the relativity of simultaneity?,One important consequence is that two events that are simultaneous for one observer may not be simultaneous for another observer who is in motion relative to the first observer.
How is the connection between the two definitions of simultaneity established?,"The connection is established by stating that if two events are simultaneous in the first sense (with light signals coinciding at a point), one can always find a reference frame in which they are also simultaneous in the second, narrower sense (with light signals meeting at the midpoint between the events)."
How does the first definition of simultaneity in relativity relate to daily life?,"The first definition of simultaneity in relativity is closer to its use in daily life because, in daily life, the question of whether two events are simultaneous does not depend on the frame of reference."
What is the role of the physicist in modifying classical terms in relativity?,"In the theory of relativity, physicists have tried to refine the meanings of classical terms, making them more precise to fit the new understanding of nature presented by relativity."
What is the general law of nature related to the principle of relativity?,"The general law of nature related to the principle of relativity is that the laws take the same form in all systems of reference, which differ only by a uniform translational motion, and they are invariant under the Lorentz transformation."
What is one of the most important consequences of the theory of relativity?,"One of the most important consequences of the theory of relativity is the inertia of energy, or the equivalence of mass and energy. Energy contributes to mass, and the mass of energy is given by energy divided by the square of the velocity of light."
Why is the connection between mass and energy not observed before the theory of relativity?,"Before the theory of relativity, the connection between mass and energy was not observed because even large amounts of energy correspond to a very small amount of mass, which was not noticeable in everyday situations."
How are the conservation of mass and charge affected by the theory of relativity?,"The conservation of mass and charge lose their separate validity and are combined into a single law of conservation of energy or mass, according to the theory of relativity."
How has the equivalence of mass and energy been experimentally supported?,The equivalence of mass and energy has been supported by experiments showing that elementary particles can be created from kinetic energy and annihilated to form radiation. The enormous energy released in atomic explosions also provides proof of this concept.
What critical historical remark can be made about the equivalence of mass and energy?,"When the theory of relativity was first formulated, the equivalence of mass and energy seemed like a complete revolution in physics, and there was very little experimental evidence for it. However, today many experiments confirm its validity."
What is the misconception about atomic explosions and mass-energy conversion?,"It has been misunderstood that the enormous energies of atomic explosions are due to a direct transmutation of mass into energy. However, the energy comes from the electrostatic repulsion of parts of the nucleus, similar to the energy released in radioactive decay, rather than from a mass-energy conversion."
How does the binding energy of atomic nuclei relate to mass?,"The binding energy of atomic nuclei is related to their mass. Though the energy released in atomic explosions comes from the binding energies of nuclei, this energy release is not directly due to the conversion of mass into energy but is linked to changes in the masses of the nuclei."
How does the theory of relativity and the equivalence of mass and energy relate to old philosophical ideas about substance?,"The theory of relativity's equivalence of mass and energy raises philosophical questions about the destruction of matter. However, older philosophical systems that stated matter cannot be destroyed need not be disproven, as 'substance' in ancient philosophy cannot be directly equated with 'mass' in modern physics. Instead, mass and energy can be seen as two forms of the same 'substance.'"
Why can't modern physics concepts be easily translated into ancient philosophical language?,"The concepts of modern physics, such as mass and energy, cannot easily be expressed in the language of ancient philosophy because these philosophical systems were based on the knowledge and intellectual frameworks available at the time, which did not anticipate the developments of modern physics."
What should be understood about the relationship between older philosophical systems and modern physics?,"Older philosophical systems were based on the knowledge available to philosophers of their time and could not have foreseen the advancements in modern physics. Therefore, modern phenomena observed through advanced tools cannot be adequately explained by the ideas of ancient or medieval philosophies."
How was the concept of ether abolished in the theory of relativity?,"The theory of relativity abolished the concept of ether by removing the need for a special frame of reference where ether is at rest. However, this does not mean that space has lost all physical properties. Space still exhibits distinct properties, as shown by the existence of centrifugal forces in a rotating system, which distinguish it from a nonrotating one."
What is the issue with saying that space has lost its physical properties in relativity?,"It would be incorrect to say that space has lost all of its physical properties in relativity because space still exhibits physical characteristics, such as the ability to distinguish between rotating and nonrotating systems, even though it is not associated with a substance like the ether."
Why is the existence of physical properties of space important in the context of relativity?,"The existence of physical properties of space is important because it allows for distinctions between systems that are rotating or non-rotating, a key aspect of understanding mechanical motions and electromagnetic processes within the framework of relativity."
What is the theory of general relativity and why is it important?,"The theory of general relativity, developed by Einstein in 1916, extends the theory of relativity to include the effects of gravity. It is an important extension that builds on the solid foundation established by the theory of 1905 and 1906."
Why can the theory of relativity (1905-1906) be considered firmly established in modern physics?,"The theory of relativity from 1905-1906 is firmly established due to its reliance on a vast body of well-established experimental evidence, such as Michelson and Morley's experiments, the equivalence of mass and energy in radioactive processes, and the effect of velocity on the lifetime of radioactive bodies."
How does the theory of general relativity differ from the 1905 theory in terms of experimental evidence?,"The theory of general relativity has much less experimental evidence compared to the 1905 theory, as there are only a few astronomical observations to check the correctness of its assumptions. Therefore, it is considered more hypothetical than the first theory."
What is the cornerstone of the theory of general relativity?,The cornerstone of the theory of general relativity is the connection between inertia and gravity. Measurements have shown that the mass of a body as a source of gravity is proportional to its mass as a measure of inertia.
How does Einstein explain gravitational forces in the theory of general relativity?,"Einstein hypothesized that gravitational forces are due to properties of empty space, similar to how centrifugal forces arise from the physical properties of space. These properties of space are influenced by the masses that produce gravity."
What was necessary for Einstein to carry out his theory of general relativity?,"Einstein needed to connect the physical ideas about gravity with the mathematical framework of general geometry, developed by Riemann, to describe how the properties of space change continuously with gravitational fields."
What is the key mathematical idea behind general relativity?,"In general relativity, the geometry of space is compared with the geometry of curved surfaces, where straight lines are replaced by geodesics, the shortest distance between points. This allows for the description of gravitational effects as changes in space's geometry."
What experimental effects are predicted by the theory of general relativity?,"The theory predicts a red shift in light emitted from a star due to the gravitational field, and the deflection of light as it passes near a massive object like the sun. The best evidence for the theory is the observed procession in Mercury's orbital motion, which aligns with the predicted value."
Has the red shift of light predicted by general relativity been experimentally observed?,"No, the red shift of light predicted by general relativity has not yet been experimentally confirmed, as the experiments conducted so far, such as those by Freundlich, have shown no definitive evidence."
What evidence supports the validity of the theory of general relativity?,"The best evidence for general relativity's validity comes from the orbital procession of Mercury, which shows a very good agreement with the predicted value according to the theory."
What is the significance of general relativity despite its narrow experimental basis?,"The theory of general relativity contains ideas of immense importance, particularly in redefining geometry and its relation to the physical universe. Despite the experimental evidence being still narrow, it opened new questions about space and time that could be empirically tested."
"What was the traditional view of geometry before the work of mathematicians like Gauss, Lobachevsky, and Einstein?","For centuries, Euclidean geometry was considered self-evident, with its axioms regarded as the foundation of any mathematical geometry. It was only in the nineteenth century that mathematicians like Bolyai, Lobachevsky, Gauss, and Riemann demonstrated that alternative geometries could be developed with equal mathematical precision."
How did Einstein's theory of general relativity change the understanding of geometry?,"Einstein's theory of general relativity extended the concept of geometry from three-dimensional space to a four-dimensional manifold, incorporating both space and time. This theory established a connection between the geometry of this manifold and the distribution of masses in the universe."
How did the theory of general relativity raise new philosophical questions?,"The theory of general relativity raised fundamental philosophical questions about the nature of space and time, including whether space is finite or infinite, what existed before the beginning of time, and what will happen at the end of time. These questions had been pondered in various philosophical and religious contexts throughout history."
What was Aristotle's view of space?,"Aristotle believed that space was finite, though infinitely divisible. He connected space with the extension of bodies, stating that space existed only where there were bodies. Beyond the realm of the stars, Aristotle's philosophy posited that there was no space."
How did Kant view the question of whether space is finite or infinite?,"Kant considered this question as part of his 'antinomies,' where two opposite arguments lead to contradictory results. He argued that space cannot be finite, because we cannot imagine an end to space, yet it cannot be infinite because we cannot fully imagine infinity. Thus, Kant concluded that a rational answer to whether space is finite or infinite cannot be given."
What is Kant's conclusion about space in relation to human experience?,"Kant concluded that space, as a whole, cannot be the object of our experience. The question of whether space is finite or infinite cannot be answered rationally because the universe itself lies beyond our experience."
How did St. Augustine approach the question of the infinity of time?,"St. Augustine wrestled with the question of what God was doing before He created the world. He argued that time is a human experience, passing from future to present to past. For God, however, time does not exist as we understand it, as He sees the entire course of the universe as happening at once. Therefore, for God, time was created along with the world."
What difficulties arise when discussing the creation of time in relation to God?,"The concept of 'creating' time raises difficulties because it presupposes the idea of time itself. The word 'created' usually implies that something has come into being, which in turn assumes the existence of time. Therefore, it is challenging to define what 'creating time' could mean in rational terms."
What lesson from modern physics does the discussion of time and space highlight?,"The discussion of time and space in philosophy highlights a lesson learned from modern physics: that every word or concept, however clear it may seem, has only a limited range of applicability. Concepts like space and time may not fully capture the complexities of the physical world."
How can the questions about the infinity of space and time be asked and partly answered in the theory of general relativity?,"In general relativity, questions about the infinity of space and time can be asked and partly answered through empirical observations. The theory connects the four-dimensional geometry of space and time with the distribution of masses in the universe, and astronomical observations of galaxy distributions provide insights into the overall geometry of the universe. While several models exist, the theory allows for testing these models against empirical facts."
What does the theory of general relativity suggest about the possibility of finite space in the universe?,"The theory of general relativity suggests that the universe's space may be finite, but this doesn't imply an 'end' of the universe. It would mean that, if one travels far enough in one direction, they would eventually return to their starting point, similar to traveling east on Earth's surface and returning from the west."
What does current astronomical evidence suggest about the origin of the universe?,"Current astronomical evidence points to the origin of the universe about four billion years ago, when all matter was concentrated in a much smaller space and has been expanding ever since. This idea is supported by various observations, including the age of meteorites and minerals on Earth. This suggests that time itself would undergo significant changes before this period."
Why are the questions about space-time geometry on a large scale still uncertain?,"Questions about the space-time geometry on a large scale remain uncertain due to the limited scope of current astronomical observations. While some models may provide insights, definitive answers require more empirical evidence, and the theory of general relativity is still based on a narrow experimental foundation."
What was the traditional understanding of space and time before the theory of relativity?,"Before the theory of relativity, the structure of space and time was defined by Newton, who viewed them as simple and consistent, aligning closely with everyday experiences. Newton's definitions were seen as the precise mathematical formulation of common concepts of space and time, and it seemed obvious that events could be ordered in time independently of their location in space."
"What realization did the theory of relativity bring about the relationship between space, time, and the speed of light?","The theory of relativity revealed that the order of events in time depends on their location in space, a concept previously unimagined in daily life. This realization is due to the fact that the velocity of light is much higher than any other practical velocity, making it seem as though time is independent of space. The theory of relativity, however, shows that this is not the case."
What point did the philosophy of Kant make about the concepts of space and time?,"Kant's philosophy emphasized that the concepts of space and time are not inherent properties of nature but are part of our relation to nature. These concepts are 'a priori,' meaning they are conditions for experiencing nature, not results of experience. It was generally believed that they could not be altered by new experience, which was surprising when modern physics challenged this assumption."
Why was the change in understanding of space and time a surprise to scientists?,"The change in understanding was a surprise because it demonstrated how cautious scientists had to be in applying everyday concepts of space and time to the refined experiences of modern experimental science. Even when these concepts were precisely formulated in Newtonian mechanics or philosophically analyzed by Kant, they were still vulnerable to critical analysis through highly accurate measurements."
How did the theory of relativity influence the development of modern physics?,"The theory of relativity served as a warning to physicists about the uncritical use of everyday concepts or classical physics in the development of modern physics. This warning proved particularly useful in understanding quantum theory, as the success of relativity showed the importance of rethinking traditional concepts in light of new, more refined experimental experiences."
What paradox does the Copenhagen interpretation of quantum theory start from?,"Any experiment in physics, whether it refers to the phenomena of daily life or to atomic events, is to be described in the terms of classical physics. The concepts of classical physics form the language by which we describe the arrangement of our experiments and state the results. Still, the application of these concepts is limited by the relations of uncertainty."
How is the theoretical interpretation of an experiment in classical physics performed?,"In Newton's mechanics, for instance, one starts by measuring the position and the velocity of the planet being studied. The result of the observation is translated into mathematics by deriving numbers for the coordinates and the momenta of the planet. The equations of motion are then used to predict the properties of the system at a later time."
How does the procedure for interpreting experiments differ in quantum theory?,"In quantum theory, initial conditions such as the position and velocity of an electron can be determined through observation, but this determination is not accurate due to the uncertainty relations. The result is translated into a probability function that represents the experimental situation at the time of the measurement, including possible errors."
What does the probability function in quantum theory represent?,"The probability function represents a mixture of two things: partly a fact, as it assigns complete certainty to the initial situation, and partly our knowledge of a fact, as it reflects possible errors in the experiment and deficiencies in our knowledge."
How does the role of probability differ between classical physics and quantum theory?,"In classical physics, one would consider the error of the observation, resulting in a probability distribution for the initial values of coordinates and velocities. In quantum theory, the probability function additionally incorporates necessary uncertainty due to the uncertainty relations."
What does the probability function allow in quantum theory?,"The probability function allows calculation of the probability of specified outcomes for future measurements. For example, it can predict the probability of finding an electron at a given point in a cloud chamber at a later time."
What essential condition connects the probability function to reality?,The probability function is connected to reality only if a new measurement is made to determine a certain property of the system. The result of the measurement is then stated in terms of classical physics.
What are the three steps required for the theoretical interpretation of an experiment in quantum theory?,"The theoretical interpretation of an experiment requires three distinct steps: (1) the translation of the initial experimental situation into a probability function, (2) the following up of this function in the course of time, and (3) the statement of a new measurement to be made of the system, the result of which can then be calculated from the probability function."
"Why is the first step, translating observations into a probability function, crucial in quantum theory?","The first step ensures that the uncertainty relation is fulfilled after the observation. For example, observing the position of an electron with high accuracy using a y-ray microscope changes its momentum due to the interaction with a light quantum, introducing an uncertainty that validates the uncertainty relations."
Why is it impossible to observe an electron's orbit around the nucleus in quantum theory?,"Observing the orbit would require a microscope with a wavelength smaller than the atom's size, but the light quantum used would knock the electron out of the atom due to its high momentum. This interaction allows only one point in the orbit to be observed, invalidating the classical concept of an orbit."
What does quantum theory say about what happens between consecutive observations?,"Quantum theory does not describe what happens between two consecutive observations. Although it is tempting to say that the electron must have followed a specific path, such reasoning would be a misuse of language in quantum theory, as this cannot be justified either epistemologically or ontologically."
How do the wave and particle pictures complement each other in quantum theory?,"The wave picture is more useful for phenomena like radiation emitted by atoms, which reveals information about oscillating charge distributions. Bohr described the wave and particle pictures as 'complementary,' emphasizing that they are mutually exclusive but together provide a fuller understanding of atomic reality."
What is the principle of complementarity according to Bohr?,"The principle of complementarity states that pairs of descriptions, such as position and momentum or space-time description and deterministic description, are mutually exclusive yet necessary to fully describe atomic systems. For example, knowing a particle's position with high accuracy limits the accuracy of its momentum measurement."
What happens to the probability function during observation in quantum theory?,"The probability function represents tendencies and changes with time according to quantum mechanical equations. However, observation enforces a description in space and time, breaking the continuity of the probability function and updating our knowledge of the system based on the measurement."
Discuss how the dualism between wave and particle descriptions is handled in quantum theory.,"Generally, the dualism between two different descriptions of the same reality is no longer a difficulty since we know from the mathematical formulation of the theory that contradictions cannot arise. The dualism between the two complementary pictures—waves and particles—is also clearly brought out in the flexibility of the mathematical scheme. The formalism is normally written to resemble Newtonian mechanics, with equations of motion for the coordinates and the momenta of the particles. But by a simple transformation, it can be rewritten to resemble a wave equation for an ordinary three-dimensional matter wave. Therefore, this possibility of playing with different complementary pictures has its analogy in the different transformations of the mathematical scheme; it does not lead to any difficulties in the Copenhagen interpretation of quantum theory."
What challenge arises when trying to understand what 'really' happens in an atomic event?,"A real difficulty in the understanding of this interpretation arises, however, when one asks the famous question: But what happens 'really' in an atomic event? It has been said before that the mechanism and the results of an observation can always be stated in terms of the classical concepts. But what one deduces from an observation is a probability function, a mathematical expression that combines statements about possibilities or tendencies with statements about our knowledge of facts. So we cannot completely objectify the result of an observation; we cannot describe what 'happens' between this observation and the next. This looks as if we had introduced an element of subjectivism into the theory, as if we meant to say: what happens depends on our way of observing it or on the fact that we observe it."
Why is it problematic to describe what happens between two observations in quantum mechanics?,"Before discussing this problem of subjectivism, it is necessary to explain quite clearly why one would get into hopeless difficulties if one tried to describe what happens between two consecutive observations. For this purpose, it is convenient to discuss the following ideal experiment: We assume that a small source of monochromatic light radiates toward a black screen with two small holes in it. The diameter of the holes may not be much bigger than the wavelength of the light, but their distance will be much greater. At some distance behind the screen, a photographic plate registers the incident light."
Describe the ideal experiment involving light quanta and interference patterns.,"If one describes this experiment in terms of the wave picture, one says that the primary wave penetrates through the two holes; there will be secondary spherical waves starting from the holes that interfere with one another, and the interference will produce a pattern of varying intensity on the photographic plate. The blackening of the photographic plate is a quantum process, a chemical reaction produced by single light quanta. Therefore, it must also be possible to describe the experiment in terms of light quanta."
What contradictions arise when describing the path of a single light quantum in the experiment?,"If it would be permissible to say what happens to the single light quantum between its emission from the light source and its absorption in the photographic plate, one could argue as follows: The single light quantum can come through the first hole or through the second one. If it goes through the first hole and is scattered there, its probability for being absorbed at a certain point of the photographic plate cannot depend upon whether the second hole is closed or open. The probability distribution on the plate will be the same as if only the first hole was open. If the experiment is repeated many times and one takes together all cases in which the light quantum has gone through the first hole, the blackening of the plate due to these cases will correspond to this probability distribution."
Explain why the interference pattern contradicts the idea of a single light quantum passing through one of the holes.,"If one considers only those light quanta that go through the second hole, the blackening should correspond to a probability distribution derived from the assumption that only the second hole is open. The total blackening, therefore, should just be the sum of the blackenings in the two cases; in other words, there should be no interference pattern. But we know this is not correct, and the experiment will show the interference pattern. Therefore, the statement that any light quantum must have gone either through the first or through the second hole is problematic and leads to contradictions."
What does the experiment reveal about the concept of a probability function in quantum mechanics?,This example shows clearly that the concept of the probability function does not allow a description of what happens between two observations. Any attempt to find such a description would lead to contradictions; this must mean that the term 'happens' is restricted to the observation.
What implication does the interference experiment have for the role of observation in quantum events?,"Now, this is a very strange result, since it seems to indicate that the observation plays a decisive role in the event and that the reality varies, depending upon whether we observe it or not. To make this point clearer we have to analyze the process of observation more closely."
Explain why natural science focuses on specific parts of the universe rather than the universe as a whole.,"To begin with, it is important to remember that in natural science we are not interested in the universe as a whole, including ourselves, but we direct our attention to some part of the universe and make that the object of our studies. In atomic physics, this part is usually a very small object, an atomic particle or a group of such particles, sometimes much larger—the size does not matter; but it is important that a large part of the universe, including ourselves, does not belong to the object."
"Describe the process of theoretical interpretation in quantum mechanics, starting from the experimental setup.","The theoretical interpretation of an experiment starts with the two steps that have been discussed. In the first step, we have to describe the arrangement of the experiment, eventually combined with a first observation, in terms of classical physics and translate this description into a probability function. This probability function follows the laws of quantum theory, and its change in the course of time, which is continuous, can be calculated from the initial conditions; this is the second step."
What are the objective and subjective elements in a probability function according to quantum theory?,"The probability function combines objective and subjective elements. It contains statements about possibilities or better tendencies ('potentia' in Aristotelian philosophy), and these statements are completely objective, they do not depend on any observer; and it contains statements about our knowledge of the system, which of course are subjective in so far as they may be different for different observers. In ideal cases, the subjective element in the probability function may be practically negligible as compared with the objective one. The physicists then speak of a 'pure case.'"
Discuss the impact of the interaction between the object and the measuring device during observation.,"When we now come to the next observation, the result of which should be predicted from the theory, it is very important to realize that our object has to be in contact with the other part of the world, namely, the experimental arrangement, the measuring rod, etc., before or at least at the moment of observation. This means that the equation of motion for the probability function does now contain the influence of the interaction with the measuring device. This influence introduces a new element of uncertainty, since the measuring device is necessarily described in the terms of classical physics; such a description contains all the uncertainties concerning the microscopic structure of the device which we know from thermodynamics, and since the device is connected with the rest of the world, it contains in fact the uncertainties of the microscopic structure of the whole world."
What happens to the probability function after the interaction with the measuring device?,"After this interaction has taken place, the probability function contains the objective element of tendency and the subjective element of incomplete knowledge, even if it has been a 'pure case' before. It is for this reason that the result of the observation cannot generally be predicted with certainty; what can be predicted is the probability of a certain result of the observation, and this statement about the probability can be checked by repeating the experiment many times."
Explain why the concept of a 'quantum jump' is justified in quantum mechanics.,"The observation itself changes the probability function discontinuously; it selects of all possible events the actual one that has taken place. Since through the observation our knowledge of the system has changed discontinuously, its mathematical representation also has undergone the discontinuous change, and we speak of a 'quantum jump.' When the old adage 'Natura non facit saltus' is used as a basis for criticism of quantum theory, we can reply that certainly our knowledge can change suddenly and that this fact justifies the use of the term 'quantum jump.'"
Describe the transition from the 'possible' to the 'actual' in an atomic event during observation.,"Therefore, the transition from the 'possible' to the 'actual' takes place during the act of observation. If we want to describe what happens in an atomic event, we have to realize that the word 'happens' can apply only to the observation, not to the state of affairs between two observations. It applies to the physical, not the psychical act of observation, and we may say that the transition from the 'possible' to the 'actual' takes place as soon as the interaction of the object with the measuring device, and thereby with the rest of the world, has come into play; it is not connected with the act of registration of the result by the mind of the observer."
Explain the significance of the discontinuous change in the probability function during observation.,"The discontinuous change in the probability function, however, takes place with the act of registration, because it is the discontinuous change of our knowledge in the instant of registration that has its image in the discontinuous change of the probability function."
Discuss the extent to which quantum theory provides an objective description of the atomic world.,"To what extent, then, have we finally come to an objective description of the world, especially of the atomic world? In classical physics science started from the belief—or should one say from the illusion?—that we could describe the world or at least parts of the world without any reference to ourselves. This is actually possible to a large extent. We know that the city of London exists whether we see it or not. It may be said that classical physics is just that idealization in which we can speak about parts of the world without any reference to ourselves. Its success has led to the general ideal of an objective description of the world. Objectivity has become the first criterion for the value of any scientific result."
Does the Copenhagen interpretation of quantum theory meet the classical ideal of objectivity?,"Does the Copenhagen interpretation of quantum theory still comply with this ideal? One may perhaps say that quantum theory corresponds to this ideal as far as possible. Certainly, quantum theory does not contain genuine subjective features; it does not introduce the mind of the physicist as a part of the atomic event. But it starts from the division of the world into the 'object' and the rest of the world, and from the fact that at least for the rest of the world we use the classical concepts in our description."
Why is the division of the world into 'object' and 'rest of the world' considered arbitrary in quantum theory?,This division is arbitrary and historically a direct consequence of our scientific method; the use of the classical concepts is finally a consequence of the general human way of thinking. But this is already a reference to ourselves and in so far our description is not completely objective.
Explain the initial paradox of the Copenhagen interpretation of quantum theory.,It has been stated in the beginning that the Copenhagen interpretation of quantum theory starts with a paradox. It starts from the fact that we describe our experiments in the terms of classical physics and at the same time from the knowledge that these concepts do not fit nature accurately. The tension between these two starting points is the root of the statistical character of quantum theory.
"What suggestion has been made to resolve the paradox in quantum theory, and why is it considered a misunderstanding?","Therefore, it has sometimes been suggested that one should depart from the classical concepts altogether and that a radical change in the concepts used for describing the experiments might possibly lead back to a nonstatistical, completely objective description of nature. This suggestion, however, rests upon a misunderstanding. The concepts of classical physics are just a refinement of the concepts of daily life and are an essential part of the language which forms the basis of all natural science. Our actual situation in science is such that we do use the classical concepts for the description of the experiments, and it was the problem of quantum theory to find theoretical interpretation of the experiments on this basis."
Why is it necessary to use classical concepts in quantum theory according to von Weizsäcker?,"There is no use in discussing what could be done if we were other beings than we are. At this point we have to realize, as von Weizsäcker has put it, that 'Nature is earlier than man, but man is earlier than natural science.' The first part of the sentence justifies classical physics, with its ideal of complete objectivity. The second part tells us why we cannot escape the paradox of quantum theory, namely, the necessity of using the classical concepts."
Describe the division of the world in the quantum-theoretical interpretation of atomic events.,"We have to add some comments on the actual procedure in the quantum-theoretical interpretation of atomic events. It has been said that we always start with a division of the world into an object, which we are going to study, and the rest of the world, and that this division is to some extent arbitrary."
Does changing the scope of the object in quantum theory affect experimental predictions?,"It should indeed not make any difference in the final result if we, e.g., add some part of the measuring device or the whole device to the object and apply the laws of quantum theory to this more complicated object. It can be shown that such an alteration of the theoretical treatment would not alter the predictions concerning a given experiment. This follows mathematically from the fact that the laws of quantum theory are for the phenomena in which Planck's constant can be considered as a very small quantity, approximately identical with the classical laws."
Can applying quantum-theoretical laws to the measuring device avoid the paradox of quantum theory?,"But it would be a mistake to believe that this application of the quantum-theoretical laws to the measuring device could help to avoid the fundamental paradox of quantum theory. The measuring device deserves this name only if it is in close contact with the rest of the world, if there is an interaction between the device and the observer. Therefore, the uncertainty with respect to the microscopic behavior of the world will enter into the quantum-theoretical system here just as well as in the first interpretation."
Why can't an isolated measuring device be described in classical terms?,"If the measuring device would be isolated from the rest of the world, it would be neither a measuring device nor could it be described in the terms of classical physics at all."
What is Bohr's view on the division between the object and the rest of the world in atomic physics?,"With regard to this situation, Bohr has emphasized that it is more realistic to state that the division into the object and the rest of the world is not arbitrary. Our actual situation in research work in atomic physics is usually this: we wish to understand a certain phenomenon, we wish to recognize how this phenomenon follows from the general laws of nature. Therefore, that part of matter or radiation which takes part in the phenomenon is the natural 'object' in the theoretical treatment and should be separated in this respect from the tools used to study the phenomenon."
How does Bohr's perspective introduce a subjective element in the description of atomic events?,"Bohr's perspective emphasizes a subjective element in the description of atomic events, since the measuring device has been constructed by the observer, and we have to remember that what we observe is not nature in itself but nature exposed to our method of questioning."
What does Bohr suggest about our scientific work in physics and our relationship with nature?,"Our scientific work in physics consists in asking questions about nature in the language that we possess and trying to get an answer from experiment by the means that are at our disposal. In this way, quantum theory reminds us, as Bohr has put it, of the old wisdom that when searching for harmony in life one must never forget that in the drama of existence we are ourselves both players and spectators."
Why does our own activity become important in the study of parts of nature according to Bohr?,"It is understandable that in our scientific relation to nature, our own activity becomes very important when we have to deal with parts of nature into which we can penetrate only by using the most elaborate tools."
Explain the potential significance of modern physics interacting with different cultural traditions.,"Modern physics, particularly atomic physics, has the potential to foster new and fruitful developments by interacting with various cultural traditions. The convergence of different lines of thought, especially those rooted in distinct cultural, historical, or religious contexts, often leads to significant advancements. Atomic physics, traditionally studied in Europe and Western countries, is now being explored in regions like Japan, China, India, and Russia. Each of these regions brings unique perspectives and traditions, suggesting that meaningful interactions between modern physics and these diverse cultural ideas may spark innovative developments."
Why are encounters between different lines of thought historically significant?,"Encounters between different lines of thought are historically significant because they often lead to the most fruitful developments in human thinking. When ideas from disparate cultural, temporal, or philosophical origins meet and interact, they create opportunities for novel insights and breakthroughs. This cross-pollination of ideas can drive progress and innovation in ways that isolated lines of thought cannot."
Discuss the global spread of atomic physics and its implications.,"Atomic physics, once rooted in Western scientific traditions, has now spread globally, being studied in diverse cultural contexts such as Japan, China, India, and Russia. This global adoption implies that modern physics is no longer confined to a single cultural or intellectual framework. Instead, it is poised to interact with and be enriched by various cultural traditions and ways of thinking. This worldwide engagement may lead to new interpretations, methodologies, and applications of atomic physics, driven by the unique contributions of these different cultures."
What is the author's view on predicting the outcomes of the interaction between modern physics and older traditions?,"The author suggests that predicting the outcomes of the interaction between modern physics and older traditions is not the purpose of the discussion. Instead, the focus is on identifying the points where these interactions might begin. While the results are uncertain, the potential for meaningful exchanges and developments is acknowledged."
Explain how modern physics is connected to the broader expansion of natural science and civilization.,"Modern physics is deeply intertwined with the general expansion of natural science, industry, engineering, medicine, and modern civilization as a whole. It is part of a historical progression that began with figures like Bacon, Galileo, and Kepler, whose work in natural science laid the foundation for technical advancements. The mutual relationship between natural science and technical science has driven progress, with technological innovations enabling more accurate empirical observations and, in turn, scientific understanding unlocking new technical possibilities. This synergy has not only advanced knowledge but also transformed industries and the conditions of life worldwide."
Discuss the relationship between technical tools and scientific progress.,"The relationship between technical tools and scientific progress is one of mutual reinforcement. Technological advancements, such as the invention of the telescope, have allowed for more precise measurements and observations, leading to significant progress in fields like astronomy and mechanics. Conversely, a deeper understanding of natural laws has facilitated the development of new tools and machinery. This cycle of innovation and discovery has driven the expansion of both natural and technical sciences."
How did the use of natural forces transform industry and human labor?,"The harnessing of natural forces, such as the energy stored in coal, significantly transformed industry by allowing machines to perform tasks previously done by human labor. Initially, these industries evolved as extensions of older trades, resembling traditional handicrafts and chemical work. Over time, entirely new industries, such as electrical engineering, emerged. The precise scientific understanding of natural forces enabled engineers to design advanced machinery, fundamentally altering human labor and industrial processes."
"Why did nations adopt natural and technical sciences, according to the text?","Nations adopted natural and technical sciences due to the overwhelming success and dominance of communities where these sciences thrived. The advantages gained through scientific and technological progress created a strong incentive for other nations to embrace these fields, even if they were not traditionally inclined toward them. The global spread of technical civilization, driven by advances in communication and transportation, made it essential for nations to participate in this scientific and industrial expansion."
What are the implications of the expansion of technical civilization?,"The expansion of technical civilization has fundamentally changed life on Earth. Whether seen as progress or a potential danger, this process has moved beyond human control. It resembles a large-scale biological process in which human activities transform matter to accommodate a growing population. This transformation has reshaped industries, economies, and daily life, highlighting both the opportunities and challenges of technological advancement."
"Explain the impact of modern physics, particularly nuclear weapons, on global political structures.","The development of nuclear weapons, particularly thermonuclear ones, has drastically altered global political structures. It has shifted the balance of power, as nations without these weapons are now reliant on those few that possess them. Furthermore, the concept of large-scale warfare has become effectively suicidal due to the catastrophic consequences of using such weapons. This has led to a complex and precarious political landscape, where the threat of small-scale wars persists, driven by the belief that nuclear escalation is unlikely. The invention of nuclear weapons has forced all nations to reconsider their positions and strategies in global politics."
Discuss the dangers of assuming that nuclear weapons make war obsolete.,"The assumption that nuclear weapons render war obsolete is an oversimplification. While large-scale nuclear war is viewed as suicidal, the presence of these weapons may actually incentivize small-scale conflicts. Nations or political groups might engage in conventional warfare, believing that their adversaries will avoid nuclear retaliation due to the immense risks involved. This dynamic maintains the danger of escalation and conflict, even in the nuclear age."
Why is the idea of moral or historical 'right' problematic in the context of avoiding war?,"The concept of moral or historical 'right' is problematic because what one side sees as justified may be perceived as unjust by the other. This subjectivity complicates conflict resolution and raises the risk of war, as each side may feel compelled to defend its position. Effective conflict prevention requires mutual concessions and a recognition that rights and wrongs are often viewed differently by opposing parties. This approach aligns with teachings from various religious traditions, emphasizing humility and compromise."
What is suggested as a means to avoid large-scale war?,"To avoid large-scale war, it is suggested that all political groups must be willing to renounce some of their perceived rights. Recognizing that different perspectives exist on what is 'right' or 'wrong,' peaceful adjustments and compromise are essential. This mindset requires a human attitude rooted in humility and a willingness to find common ground, echoing lessons from major religious teachings."
What are the potential future outcomes of nuclear politics according to the text?,"The text suggests that in the future—perhaps 20 to 30 years—global changes may reduce or eliminate the danger of large-scale warfare involving nuclear weapons. However, the path to this more stable state is fraught with significant dangers. Peaceful conflict resolution and the willingness of nations to compromise are crucial to navigating this transition and avoiding catastrophic outcomes."
What revision has contemporary physics brought to man's conception of the universe?,"There is a general awareness that contemporary physics has brought about an important revision in man's conception of the universe and his relation to it. The suggestion has been made that this revision pierces to the basis of man's fate and freedom, affecting even his conception of his capacity to control his own destiny. In no portion of physics does this suggestion show itself more pointedly than in the principle of indeterminacy of quantum mechanics."
What is the significance of the principle of indeterminacy in quantum mechanics?,"The author of this book is the discoverer of this principle. In fact, it usually bears his name. Hence, no one is more competent to pass judgment on what it means than he. In his previous book, *The Physical Principles of the Quantum Theory* Heisenberg gave an exposition of the theoretical interpretation, experimental meaning and mathematical apparatus of quantum mechanics for professional physicists."
What philosophical implications does Heisenberg explore in this book?,"Here he pursues this and other physical theories with respect to their philosophical implications and some of their likely social consequences for the layman. More specifically, he attempts here to raise and suggest answers to three questions: (1) What do the experimentally verified theories of contemporary physics affirm? (2) How do they permit or require man to think of himself in relation to his universe? (3) How is this new way of thinking, which is the creation of the modern West, going to affect other parts of the world?"
How does Heisenberg address the impact of modern physics on non-Western societies?,"The third of these questions is dealt with briefly by Heisenberg at the beginning and end of this inquiry. The brevity of his remarks should not lead the reader to pass lightly over their import. As he notes, whether we like it or not, modern ways are going to alter and in part destroy traditional customs and values."
"What is the assumption about introducing modern science to non-Western societies, and why is it flawed?","It is frequently assumed by native leaders of non-Western societies, and also often by their Western advisers, that the problem of introducing modern scientific instruments and ways into Asia, the Middle East and Africa is merely that of giving the native people their political independence and then providing them with the funds and the practical instruments. This facile assumption overlooks several things. First, the instruments of modern science derive from its theory and require a comprehension of that theory for their correct manufacture or effective use. Second, this theory in turn rests on philosophical, as well as physical, assumptions."
Why is it important to understand the philosophical implications of modern physics in non-Western societies?,"When comprehended, these philosophical assumptions generate a personal and social mentality and behavior quite different from, and at points incompatible with, the family, caste and tribally centered mentality and values of the native Asian, Middle Eastern or African people. In short, one cannot bring in the instruments of modern physics without sooner or later introducing its philosophical mentality, and this mentality, as it captures the scientifically trained youth, upsets the old familial and tribal moral loyalties."
How does Heisenberg suggest modern youth in non-Western societies should approach the integration of physics and philosophy?,"If unnecessary emotional conflict and social demoralization are not to result, it is important that the youth understand what is happening to them. This means that they must see their experience as the coming together of two different philosophical mentalities, that of their traditional culture and that of the new physics. Hence, the importance for everyone of understanding the philosophy of the new physics."
Does Heisenberg believe physics is independent of philosophy?,"But it may be asked, Isn't physics quite independent of philosophy? Hasn't modern physics become effective only by dropping philosophy? Clearly, Heisenberg answers both of these questions in the negative."
What was Newton's view on the relationship between experimental data and theory?,Newton left the impression that there were no assumptions in his physics which were not necessitated by the experimental data. This occurred when he suggested that he made no hypotheses and that he had deduced his basic concepts and laws from the experimental findings.
What is the issue with Newton's conception of the relationship between theory and experimental data?,"Were this conception of the relation between the physicist's experimental observations and his theory correct, Newton's theory would never have required modification, nor could it ever have implied consequences which experiment does not confirm. Being implied by the facts, it would be as indubitable and final as they are."
What does Heisenberg briefly address regarding the impact of modern ways on traditional values?,"The third of these questions is dealt with briefly by Heisenberg at the beginning and end of this inquiry. The brevity of his remarks should not lead the reader to pass lightly over their import. As he notes, whether we like it or not, modern ways are going to alter and in part destroy traditional customs and values."
What is the common assumption about introducing modern scientific instruments into non-Western societies?,"It is frequently assumed by native leaders of non-Western societies, and also often by their Western advisers, that the problem of introducing modern scientific instruments and ways into Asia, the Middle East and Africa is merely that of giving the native people their political independence and then providing them with the funds and the practical instruments."
Why is the assumption about introducing modern science into non-Western societies flawed?,"This facile assumption overlooks several things. First, the instruments of modern science derive from its theory and require a comprehension of that theory for their correct manufacture or effective use. Second, this theory in turn rests on philosophical, as well as physical, assumptions."
What effect does the philosophical assumptions of modern science have on traditional societies?,"When comprehended, these philosophical assumptions generate a personal and social mentality and behavior quite different from, and at points incompatible with, the family, caste and tribally centered mentality and values of the native Asian, Middle Eastern or African people."
What is the consequence of introducing modern scientific instruments without understanding the underlying philosophy?,"In short, one cannot bring in the instruments of modern physics without sooner or later introducing its philosophical mentality, and this mentality, as it captures the scientifically trained youth, upsets the old familial and tribal moral loyalties."
Why is it important for youth in non-Western societies to understand the impact of modern physics on their worldview?,"If unnecessary emotional conflict and social demoralization are not to result, it is important that the youth understand what is happening to them. This means that they must see their experience as the coming together of two different philosophical mentalities, that of their traditional culture and that of the new physics."
Why is understanding the philosophy of modern physics important for everyone?,"Hence, the importance for everyone of understanding the philosophy of the new physics."
Does Heisenberg believe physics is independent of philosophy?,"But it may be asked, Isn't physics quite independent of philosophy? Hasn't modern physics become effective only by dropping philosophy? Clearly, Heisenberg answers both of these questions in the negative."
What was Newton's view on the relationship between experimental data and theory?,Newton left the impression that there were no assumptions in his physics which were not necessitated by the experimental data. This occurred when he suggested that he made no hypotheses and that he had deduced his basic concepts and laws from the experimental findings.
What did the Michelson-Morley experiment reveal about Newton's assumptions?,"In 1885, however, an experiment performed by Michelson and Morley revealed a fact which should not exist were the theoretical assumptions of Newton the whole truth. This made it evident that the relation between the physicist's experimental facts and his theoretical assumptions is quite other than what Newton had led many modern physicists to suppose."
How did the experiments on radiation from black bodies affect Newton's theory?,"When, some ten years later, experiments on radiation from black bodies enforced an additional reconstruction in Newton's way of thinking about his subject matter, this conclusion became inescapable."
How does quantum mechanics differ from Newton's and Einstein's theories in terms of probability?,"Expressed positively, this means that the theory of physics is neither a mere description of experimental facts nor something deducible from such a description; instead, as Einstein has emphasized, the physical scientist only arrives at his theory by speculative means. The deduction in his method runs not from facts to the assumptions of the theory but from the assumed theory to the facts and the experimental data."
Why is the concept of probability important in quantum mechanics but not in Newton's mechanics or Einstein's relativity?,"When we do this for (a) Newton's or Einstein's mechanics and for (b) quantum mechanics, we discover that the concept of probability or chance enters into the definition of the state of a physical system, and, in this sense, into its subject matter, in quantum mechanics, but does not do so in Newton's mechanics or Einstein's theory of relativity."
How does Heisenberg’s philosophy of physics relate to the concept of potentiality?,This undoubtedly is what Heisenberg means when he writes in this book that quantum theory has brought the concept of potentiality back into physical science.
What was Einstein's objection to quantum mechanics regarding the concept of probability?,"It is also, without question, what Einstein has in mind when he objects to quantum theory. He expressed this objection by saying: 'God does not play dice.' The point of this statement is that the game of dice rests on the laws of chance, and Einstein believed that the latter concept finds its scientific meaning solely in the epistemological limitations of the finite knowing mind in its relation to the omnicomplete object of scientific knowledge."
What is the key difference between quantum mechanics and previous physical theories (Newton's and Einstein's)?,"Put more concretely, this difference between quantum mechanics and previous physical theories may be expressed as follows: In Newton's and Einstein's theory, the state of any isolated mechanical system at a given moment of time is given precisely when only numbers specifying the position and momentum of each mass in the system are empirically determined at that moment of time; no numbers referring to a probability are present. In quantum mechanics the interpretation of an observation of a system is a rather complicated procedure. The observation may consist in a single reading, the accuracy of which has to be discussed, or it may comprise a complicated set of data, such as the photograph of the water droplets in a cloud chamber; in any case, the result can be stated only in terms of a probability distribution concerning, for instance, the position or momentum of the particles of the system."
How does quantum mechanics use probability to predict future states of a system?,"The theory then predicts the probability distribution for a future time. The theory is not experimentally verified when that future state arrives if merely the momentum or position numbers in a particular observation lie within the predicted range. The same experiment with the same initial conditions must be repeated many times, and the values of position or momentum, which may be different in each observation, must similarly be found to be distributed according to the predicted probability distribution."
What is the crucial difference between quantum mechanics and Newton's or Einstein's mechanics?,"In short, the crucial difference between quantum mechanics and Einstein's or Newton's mechanics centers in the definition of a mechanical system at any moment of time, and this difference is that quantum mechanics introduces the concept of probability into its definition of state and the mechanics of Newton and Einstein does not."
Did probability play a role in Newton's and Einstein's mechanics?,"This does not mean that probability had no place in Newton's or Einstein's mechanics. Its place was, however, solely in the theory of errors by means of which the accuracy of the Yes or No verification or nonconfirmation of the prediction of the theory was determined. Hence, the concept of probability and chance was restricted to the epistemological relation of the scientist in the verification of what he knows; it did not enter into the theoretical statement of what he knows."
How does Einstein's dictum 'God does not play dice' relate to Newton's and Einstein's mechanics?,"Thus, Einstein's dictum that 'God does not play dice' was satisfied in his two theories of relativity and in Newton's mechanics."
What is the debate between Einstein and Heisenberg regarding the role of probability in physics?,"Is there any way of deciding between Einstein's contention and that of Heisenberg and other quantum theorists? Many answers have been given to this question. Some physicists and philosophers, emphasizing operational definitions, have argued that, since all physical theories, even classical ones, entail human error and uncertainties, there is nothing to be decided between Einstein and the quantum theorists."
What is the flaw in the argument that probability only enters quantum mechanics in an operational sense?,"This, however, is (a) to overlook the presence of axiomatically constructed, constitutive theoretic definitions as well as theory-of-errors, operational definitions in scientific method and (b) to suppose that the concept of probability and the even more complex uncertainty relation enter into quantum mechanics only in the operational-definitional sense. Heisenberg shows that the latter supposition is false."
What is the argument against introducing probability into the definition of a mechanical system?,"Other scientists and philosophers, going to the opposite extreme, have argued that, merely because there is uncertainty in predicting certain phenomena, this constitutes no argument whatever for the thesis that these phenomena are not completely determined. This argument combines the statical problem of defining the state of a mechanical system at a given time with the dynamical or causal problem of predicting changes in the state of the system through time."
How does quantum mechanics introduce probability into its definition of a mechanical system?,"But the concept of probability in quantum theory enters only into its statics, i.e., its theoretical definition of state. The reader will find it wise, therefore, to keep distinct these two components, i.e., the statical theoretical definition-of-state component and the dynamic, or causal, theoretical change-of-state-through-time component."
Why does Heisenberg introduce probability into the theoretical definition of state in quantum mechanics?,"But, why, it may be asked, should the concept of probability be introduced into the theoretic definition of the state of a mechanical system at any statical moment t1 in principle? This book makes it clear that the answer to these questions is as follows: The reason for the procedure of quantum mechanics is thesis (1) above, which Einstein himself also accepts. Thesis (1) is that we know the object of scientific knowledge only by the speculative means of axiomatic theoretic construction or postulation; Newton's suggestion that the physicist can deduce our theoretical concepts from the experimental data being false."
How does the experimental evidence support the need for probability in quantum mechanics?,"Now, it happens that when we theoretically and in principle define the state of a mechanical system for subatomic phenomena in terms solely of numbers referring to position and momentum, as Einstein would have us do, and deduce the consequences for radiation from black bodies, this theoretical assumption concerning the state of a mechanical system and the subject matter of atomic physics is shown to be false by experimental evidence. The experimental facts simply are not what the theory calls for."
How does the introduction of Planck's constant modify traditional theory in quantum mechanics?,"When, however, the traditional theory is modified with the introduction of Planck's constant and the addition in principle of the second set of numbers referring to the probability that the attached position-momentum numbers will be found, from which the uncertainty principle follows, the experimental data confirm the new theoretical concepts and principles."
What is the analogy between quantum mechanics and Einstein's theory regarding experimental data?,"In short, the situation in quantum mechanics with respect to experiments on black-body radiation is identical with that faced by Einstein with respect to the Michelson-Morley experiment. In both cases, only by introducing the new theoretical assumption in principle is physical theory brought into accord with the experimental facts."
What does Heisenberg argue about determinism and causality in quantum mechanics?,"To assert that, notwithstanding quantum mechanics, the positions and momenta of subatomic masses are 'really' sharply located in space and time as designated by one pair of numbers only and, hence, completely deterministic causally, as Einstein and the aforementioned philosophers of science would have one do, is to affirm a theory concerning the subject matter of physical knowledge which experiments on black-body radiation have shown to be false in the sense that a deductive experimental consequence of this theory is not confirmed."
Is it possible that a new theory could be discovered that does not involve probability in the definition of state?,"It does not follow, of course, that some new theory compatible with the foregoing experimental facts might not be discovered in which the concept of probability does not enter in principle into its definition of state. Professor Norbert Wiener, for example, believes that he has clues to the direction such a theory might take."
What does Heisenberg's quantum theory imply about scientific knowledge?,"Nevertheless, until such an alternative theory is presented, anyone, who does not claim to possess some a priori or private source of information concerning what the object of scientific knowledge must be, has no alternative but to accept the definition of state of quantum theory and to affirm with the author of this book that it restores the concept of potentiality to the object of modern scientific knowledge."
What is Heisenberg's view on causality and determinism in relation to quantum mechanics?,"What of the status of causality and determinism in quantum mechanics? Probably the interest of the layman and the humanist in this book depends most on its answer to this question. If this answer is to be understood, the reader must pay particular attention to Heisenberg's description of (a) the aforementioned definition of state by recourse to the concept of probability and (b) the Schrodinger time-equation."
Why is it important for readers to understand Heisenberg's definitions of causality and determinism?,"The reader must also make sure, and this is the most difficult task of all, that the meaning of the words 'causality' and 'determinism' in his mind when he asks the above question is identical with the meaning these words have in Heisenberg's mind when he specifies the answer. Otherwise, Heisenberg will be answering a different question from the one the reader is asking and a complete misunderstanding upon the reader's part will occur."
How does the concept of causality differ among physicists?,"The situation is further complicated by the fact that modern physics permits the concept of causality to have two different, scientifically precise meanings, the one stronger than the other, and there is no agreement among physicists about which one of these two meanings the word 'causality' is to be used to designate."
What is the distinction between causality and determinism in quantum mechanics?,"Hence, some physicists and philosophers of science use the word to designate the stronger of the two meanings. There is evidence, at times at least, that this is Professor Heisenberg's usage in this book. Other physicists and philosophers, including the writer of this Introduction, use the word 'causality' to designate the weaker of the two meanings and the word 'determinism' to designate the stronger meaning. When the former usage is followed, the words 'causality' and 'determinism' become synonymous. When the second usage is followed, every deterministic system is a causal system, but not every causal system is deterministic."
Why is there confusion regarding the concept of causality in quantum mechanics?,Great confusion has entered into previous discussion of this topic because frequently neither the person who asks the question nor the physicist who has answered it has been careful to specify in either question or answer whether he is using the word 'causality' in its weaker or in its stronger modern scientific meaning.
What happens when causality in quantum mechanics is not specified clearly?,"If one asks 'Does causality hold in quantum mechanics?' not specifying whether one is asking about causality in its stronger or in its weaker sense, one then gets apparently contradictory answers from equally competent physicists. One physicist, taking the word 'causality' in its stronger sense, quite correctly answers 'No.' The other physicist, taking 'causality' in its weaker sense, equally correctly answers 'Yes.'"
How can the question of causality in quantum mechanics be clarified?,The answer of quantum mechanics becomes unequivocal the moment one makes the question and the answer unambiguous by specifying which meaning of 'causality' one is talking about.
How is causality understood differently in layman's terms versus in modern physics?,"One may say 'The stone hit the window and caused the glass to break.' In this use of 'causality' it is thought of as a relation between objects, i.e., between the stone and the windowpane. The scientist expresses the same thing in a different way. He describes the foregoing set of events in terms of the state of the stone and the windowpane at the earlier time t1 when the stone and the windowpane were separated and the state of this same system of two objects at the later time t2 when the stone and the windowpane collided."
What are the two components of causality in quantum mechanics that must be distinguished?,"It is important, therefore, to become clear about different possible meanings of the word 'causality.' These two components are: (1) The state-function which defines the state of any physical system at any specific time t. (2) The Schrodinger time-equation which relates the state of the physical system at the earlier time t1 to its different state at any specifiable later time t2."
What are the possible types of relations between the states of a physical system at different times?,"The weakest possible case would be that of mere temporal succession with no necessary connection whatever and with not even a probability, however small, that the specifiable initial state will be followed in time by a specifiable future state. Hume gives us reasons for believing that the relation between the sensed states of immediately sensed natural phenomena is of this character."
How does quantum mechanics reconcile the concept of potentiality with modern physics?,"The situation is even more complicated, as the reader will find, than even these introductory distinctions between the different types of causation indicate. These distinctions should suffice, also, to enable one to grasp the tremendous philosophical significance of the introduction of the weaker type of mechanical causation into modern physics, which has occurred in quantum mechanics. Its significance consists in reconciling the concept of objective, and in this sense ontological, potentiality of Aristotelian physics with the concept of mechanical causation of modern physics."
What does Heisenberg's book say about the role of potentiality in quantum mechanics?,"This book is important because it contains Heisenberg's answer to this criticism of his principle of indeterminacy and of quantum theory by Einstein and by others. In understanding this answer, the reader must pay particular attention to Heisenberg's description of (a) the aforementioned definition of state by recourse to the concept of probability and (b) the Schrodinger time-equation."
What distinction does Heisenberg make about mechanical causality and determinism in quantum mechanics?,"The situation is even more complicated than these introductory distinctions between different types of causation indicate. Heisenberg introduces the concept of mechanical causality, but whereas causality in Newton's and Einstein's physics is of the stronger type and hence both mechanical and deterministic, in quantum mechanics it is of the weaker causal type and hence mechanical but not deterministic."
How does quantum mechanics relate to Newtonian and Einsteinian mechanics?,"Quantum mechanics with its basically weaker type of causality gives rise, as a special case of itself, to Newtonian and Einsteinian mechanics with their stronger type of causality and determinism. Consequently, for human beings considered merely as gross common-sense objects, the stronger type of causality holds and, hence, determinism reigns also."
How does quantum mechanics affect our understanding of causality in human behavior?,"Nevertheless, subatomic phenomena are scientifically significant in man. To this extent, at least, the causality governing him is of the weaker type, and he embodies both mechanical fate and potentiality."
"How can quantum mechanics be reconciled with moral, political, and legal science?","There is a scientific, philosophical, and moral problem in reconciling mechanical causation with the teleological causation present in human moral, political, and legal purposes. Quantum mechanics gives us a new understanding of causality and potentiality, which may help us understand how human behavior is affected by both mechanical causation and moral purposes."
What is Heisenberg's view on the Cartesian concept of mental substances in light of complementarity?,"Heisenberg's conclusion concerning Descartes results from his generalization of the principle of complementarity beyond physics, first, to the relation between common-sense biological concepts and mathematical physical concepts and, second, to the body-mind problem. The result of this generalization is that the Cartesian theory of mental substances comes off very much better in this book, as does the concept of substance generally, than is the case in any other book on the philosophy of contemporary physics which this writer knows."
How does Heisenberg view the relevance of common-sense concepts in the context of quantum theory?,"Generally speaking, Heisenberg argues that there is no compelling reason to throw away any of the common-sense concepts of either biology or mathematical physics, after one knows the refined concepts that lead to the complete clarification of the problems in atomic physics. Because the latter clarification is complete, it is relevant only to a very limited range of problems within science and cannot enable us to avoid using many concepts at other places that would not stand critical analysis of the type carried out in quantum theory."
What is Heisenberg's stance on the role of complementarity in understanding physical concepts?,"Since the ideal of complete clarification cannot be achieved and it is important that we should not be deceived about this point one may indulge in the usage of common-sense concepts if it is done with sufficient care and caution. In this respect, certainly, complementarity is a very useful scientific concept."
What two points are critical to understanding Heisenberg's views on complementarity and the body-mind relationship?,"First, the principle of complementarity and the present validity of the Cartesian and common-sense concepts of body and mind stand and fall together. Second, it may be that both these notions are merely convenient stepladders which should now be, or must eventually be, thrown away."
What does Heisenberg suggest about the theory of mind and the Cartesian language?,"In the case of the theory of mind at least, the stepladder will have to remain until by its use we find the more linguistically exact and empirically satisfactory theory that will permit us to throw the Cartesian language away."
How does Heisenberg's approach to the theory of mind differ from piecemeal theories?,"To be sure, piecemeal theories of mind which do not appeal to the notion of substance now exist, but none of their authors, unless it be Whitehead, has shown how the language of this piecemeal theory can be brought into commensurate and compatible relationship with the scientific language of the other facts of human knowledge."
How does Heisenberg view the scientific theory of mind in relation to the body?,"It is likely, therefore, that anyone, whether he be a professional physicist or philosopher or the lay reader, who may think he knows better than Heisenberg on these important matters, runs the grave risk of supposing he has a scientific theory of mind in its relation to body, when in fact this is not the case."
What does Heisenberg's philosophy of contemporary physics focus on?,"Up to this point we have directed attention, with but two exceptions, to what the philosophy of contemporary physics has to say about the object of scientific knowledge qua object, independent of its relation to the scientist as knower. In short, we have been concerned with its ontology."
What are the three components of the epistemology of contemporary physics?,"This philosophy also has its epistemological component. This component falls into three parts: (1) The relation between (a) the directly observed data given to the physicist as inductive knower in his observations or his experiments and (b) the speculatively proposed, indirectly verified, axiomatically constructed postulates of his theory. (2) The role of the concept of probability in the theory of errors, by means of which the physicist defines the criterion for judging how far his experimental findings can depart, due to errors of human experimentation, from the deduced consequences of the postulates of the theory and still be regarded as confirming the theory. (3) The effect of the experiment being performed upon the object being known."
What is the difference between the epistemology of modern physics before and after quantum mechanics?,"In modern physical theory, previous to quantum mechanics, (3) played no role whatever. Hence, the epistemology of modern physics was then completely specified by (1) and (2) alone. In quantum mechanics, however, (3) (as well as (1) and (2)) becomes very important. The very act of observing alters the object being observed when its quantum numbers are small."
"What conclusion does Heisenberg draw regarding the relation between the object, the observing physicist, and the rest of the universe?","From this fact Heisenberg draws a very important conclusion concerning the relation between the object, the observing physicist, and the rest of the universe. This conclusion can be appreciated if attention is directed to the following key points."
How does Heisenberg address the concept of an isolated system in quantum mechanics?,"It may be recalled that in some of the definitions of mechanical causality given earlier in this Introduction, the qualifying words 'for an isolated system' were added; elsewhere it was implicit. This qualifying condition can be satisfied in principle in Newtonian and Einsteinian mechanics, and also in practice by making more and more careful observations and refinements in one's experimental instruments."
What does the introduction of probability in quantum mechanics imply about the concept of an isolated system?,"The introduction of the concept of probability into the definition of state of the object of scientific knowledge in quantum mechanics rules out, however, in principle, and not merely in practice due to the imperfections of human observation and instruments, the satisfying of the condition that the object of the physicist's knowledge is an isolated system."
What does Heisenberg say about including the experimental apparatus in the physical system?,"Heisenberg shows also that the including of the experimental apparatus and even of the eye of the observing scientist in the physical system which is the object of the knower's knowledge does not help, since, if quantum mechanics be correct, the states of all objects have to be defined in principle by recourse to the concept of probability."
What is the only way to satisfy the condition for an isolated system in quantum mechanics?,"Consequently, only if the whole universe is included in the object of scientific knowledge can the qualifying condition 'for an isolated system' be satisfied for even the weaker form of mechanical causation."
How does Heisenberg's philosophy of contemporary physics differ in terms of epistemology and ontology?,"Clearly, the philosophy of contemporary physics is shown by this book to be as novel in its epistemology as it is in its ontology. Indeed, it is from the originality of its ontology—the consistent unification of potentiality and mechanical causality in its weaker form—that the novelty of its epistemology arises."
What does an analysis of the experimentally verified theories of modern physics reveal about the object of human knowledge?,"Unquestionably, one other thing is clear. An analysis of the specific experimentally verified theories of modern physics with respect to what they say about the object of human knowledge and its relation to the human knower exhibits a very rich and complex ontological and epistemological philosophy which is an essential part of the scientific theory and method itself."
What does Heisenberg say about the neutrality of physics in terms of epistemology and ontology?,"Hence, physics is neither epistemologically nor ontologically neutral. Deny any one of the epistemological assumptions of the physicist's theory and there is no scientific method for testing whether what the theory says about the physical object is true, in the sense of being empirically confirmed."
What does Heisenberg suggest happens if any ontological assumptions are denied in physics?,"Deny any one of the ontological assumptions and there is not enough content in the axiomatically constructed mathematical postulates of the physicist's theory to permit the deduction of the experimental facts which it is introduced to predict, co-ordinate consistently and explain."
What does Heisenberg's verification of contemporary physics imply about its epistemological and ontological philosophy?,"Hence, to the extent that experimental physicists assure us that their theory of contemporary physics is indirectly and experimentally verified, they ipso facto assure us that its rich and complex ontological and epistemological philosophy is verified also."
"What is the relationship between the philosophy of physics and the social sciences, according to Heisenberg?","When such empirically verified philosophy of the true in the natural sciences is identified with the criterion of the good and the just in the humanities and the social sciences, one has natural-law ethics and jurisprudence."
What is the significance of combining the philosophy of physics with the philosophies of culture?,It is the coming together of this new philosophy of physics with the respective philosophies of culture of mankind that is the major event in today's and tomorrow's world.
How does Heisenberg's philosophy of physics relate to the social consequences of physics?,"At this point, the philosophy of physics in this book and its important reference to the social consequences of physics come together."
What is the relationship between modern physics and atomic weapons?,"WHEN one speaks today of modern physics, the first thought is of atomic weapons. Everybody realizes the enormous influence of these weapons on the political structure of our present world and is willing to admit that the influence of physics on the general situation is greater than it ever has been before."
Is the political aspect of modern physics the most important one?,"But is the political aspect of modern physics really the most important one? When the world has adjusted itself in its political structure to the new technical possibilities, what then will remain of the influence of modern physics?"
What is the impact of modern physics on different political and cultural traditions?,"To answer these questions, one has to remember that every tool carries with it the spirit by which it has been created. Since every nation and every political group has to be interested in the new weapons in some way irrespective of the location and of the cultural tradition of this group, the spirit of modern physics will penetrate into the minds of many people and will connect itself in different ways with the older traditions."
How do different parts of the world adapt to the ideas of modern physics?,"In those parts of the world in which modern science has been developed the primary interest has been directed for a long time toward practical activity, industry and engineering combined with a rational analysis of the outer and inner conditions for such activity. Such people will find it rather easy to cope with the new ideas since they have had time for a slow and gradual adjustment to the modern scientific methods of thinking."
What challenges do other parts of the world face when confronted with modern physics?,"In other parts of the world these ideas would be confronted with the religious and philosophical foundations of the native culture. Since it is true that the results of modern physics do touch such fundamental concepts as reality, space and time, the confrontation may lead to entirely new developments which cannot yet be foreseen."
What is the characteristic feature of the meeting between modern science and older methods of thinking?,"One characteristic feature of this meeting between modern science and the older methods of thinking will be its complete internationality. In this exchange of thoughts the one side, the old tradition, will be different in the different parts of the world, but the other side will be the same everywhere and therefore the results of this exchange will be spread over all areas in which the discussions take place."
Why is it important to discuss modern physics in accessible language?,"For such reasons it may not be an unimportant task to try to discuss these ideas of modern physics in a not too technical language, to study their philosophical consequences, and to compare them with some of the older traditions."
How can one approach the problems of modern physics?,The best way to enter into the problems of modern physics may be by a historical description of the development of quantum theory.
What is the significance of quantum theory in modern physics?,"It is true that quantum theory is only a small sector of atomic physics and atomic physics again is only a very small sector of modern science. Still it is in quantum theory that the most fundamental changes with respect to the concept of reality have taken place, and in quantum theory in its final form the new ideas of atomic physics are concentrated and crystallized."
How does the experimental equipment in nuclear physics differ from other areas of science?,The enormous and extremely complicated experimental equipment needed for research in nuclear physics shows another very impressive aspect of this part of modern science.
What does nuclear physics represent in terms of experimental technique?,But with regard to the experimental technique nuclear physics represents the extreme extension of a method of research which has determined the growth of modern science ever since Huyghens or Volta or Faraday.
What is the relationship between the mathematical complexity of quantum theory and the legacy of classical physics?,In a similar sense the discouraging mathematical complication of some parts of quantum theory may be said to represent the extreme consequence of the methods of Newton or Gauss or Maxwell.
How does quantum theory differ from previous developments in modern science?,But the change in the concept of reality manifesting itself in quantum theory is not simply a continuation of the past; it seems to be a real break in the structure of modern science.
What is the focus of the next chapters in the study of modern physics?,"Therefore, the first of the following chapters will be devoted to the study of the historical development of quantum theory."
What were the controversies surrounding the theory of relativity and quantum theory?,"THROUGHOUT the history of science new discoveries and new ideas have always caused scientific disputes, have led to polemical publications criticizing the new ideas, and such criticism has often been helpful in their development; but these controversies have never before reached that degree of violence which they attained after the discovery of the theory of relativity and in a lesser degree after quantum theory. In both cases the scientific problems have finally become connected with political issues, and some scientists have taken recourse to political methods to carry their views through. This violent reaction on the recent development of modern physics can only be understood when one realizes that here the foundations of physics have started moving; and that this motion has caused the feeling that the ground would be cut from science."
What does the violent reaction to modern physics indicate about the state of scientific understanding?,"At the same time it probably means that one has not yet found the correct language with which to speak about the new situation and that the incorrect statements published here and there in the enthusiasm about the new discoveries have caused all kinds of misunderstanding. This is indeed a fundamental problem. The improved experimental technique of our time brings into the scope of science new aspects of nature which cannot be described in terms of the common concepts. But in what language, then, should they be described? The first language that emerges from the process of scientific clarification is in theoretical physics usually a mathematical language, the mathematical scheme, which allows one to predict the results of experiments. The physicist may be satisfied when he has the mathematical scheme and knows how to use it for the interpretation of the experiments. But he has to speak about his results also to nonphysicists who will not be satisfied unless some explanation is given in plain language, understandable to anybody."
Why is it important to describe scientific concepts in plain language?,"Even for the physicist the description in plain language will be a criterion of the degree of understanding that has been reached. To what extent is such a description at all possible? Can one speak about the atom itself? This is a problem of language as much as of physics, and therefore some remarks are necessary concerning language in general and scientific language specifically."
"How was language formed, and how does it relate to scientific concepts?","Language was formed during the prehistoric age among the human race as a means for communication and as a basis for thinking. We know little about the various steps in its formation; but language now contains a great number of concepts which are a suitable tool for more or less unambiguous communication about events in daily life. These concepts are acquired gradually without critical analysis by using the language, and after having used a word sufficiently often we think that we more or less know what it means."
What are the limitations of ordinary language when applied to scientific concepts?,"It is of course a well-known fact that the words are not so clearly defined as they seem to be at first sight and that they have only a limited range of applicability. For instance, we can speak about a piece of iron or a piece of wood, but we cannot speak about a piece of water. The word 'piece' does not apply to liquid substances."
Provide an example of the problematic relationship between words and concepts.,"Or, to mention another example: In discussions about the limitations of concepts, Bohr likes to tell the following story: 'A little boy goes into a grocer's shop with a penny in his hand and asks: 'Could I have a penny's worth of mixed sweets?' The grocer takes two sweets and hands them to the boy saying: 'Here you have two sweets. You can do the mixing yourself.' A more serious example of the problematic relation between words and concepts is the fact that the words 'red' and 'green' are used even by people who are colorblind, though the ranges of applicability of these terms must be quite different for them from what they are for other people."
How is the uncertainty of word meanings addressed in language and science?,"This intrinsic uncertainty of the meaning of words was of course recognized very early and has brought about the need for definitions, or as the word 'definition' says for the setting of boundaries that determine where the word is to be used and where not. But definitions can be given only with the help of other concepts, and so one will finally have to rely on some concepts that are taken as they are, unanalyzed and undefined."
How did Greek philosophy approach the problem of language and concepts?,"In Greek philosophy the problem of the concepts in language has been a major theme since Socrates, whose life was if we can follow Plato's artistic representation in his dialogues a continuous discussion about the content of the concepts in language and about the limitations in modes of expression. In order to obtain a solid basis for scientific thinking, Aristotle in his logic started to analyze the forms of language, the formal structure of conclusions and deductions independent of their content. In this way he reached a degree of abstraction and precision that had been unknown up to that time in Greek philosophy and he thereby contributed immensely to the clarification, to the establishment of order in our methods of thought. He actually created the basis for the scientific language."
"What is the potential issue with logical analysis in language, according to the text?","On the other hand, this logical analysis of language again involves the danger of an oversimplification. In logic the attention is drawn to very special structures, unambiguous connections between premises and deductions, simple patterns of reasoning, and all the other structures of language are neglected. These other structures may arise from associations between certain meanings of words; for instance, a secondary meaning of a word which passes only vaguely through the mind when the word is heard may contribute essentially to the content of a sentence. The fact that every word may cause many only half-conscious movements in our mind can be used to represent some part of reality in the language much more clearly than by the use of the logical patterns."
What do poets and scientists think about the use of logical patterns in language?,"Therefore, the poets have often objected to this emphasis in language and in thinking on the logical pattern, which if I interpret their opinions correctly can make language less suitable for its purpose. On the other hand, science must be based upon language as the only means of communication and there, where the problem of unambiguity is of greatest importance, the logical patterns must play their role."
How does natural science approach the precision of language and concepts?,"The characteristic difficulty at this point may be described in the following way. In natural science we try to derive the particular from the general, to understand the particular phenomenon as caused by simple general laws. The general laws when formulated in the language can contain only a few simple concepts else the law would not be simple and general. From these concepts are derived an infinite variety of possible phenomena, not only qualitatively but with complete precision with respect to every detail. It is obvious that the concepts of ordinary language, inaccurate and only vaguely defined as they are, could never allow such derivations."
Why must concepts in natural science be defined with complete precision?,"When a chain of conclusions follows from given premises, the number of possible links in the chain depends on the precision of the premises. Therefore, the concepts of the general laws must in natural science be defined with complete precision, and this can be achieved only by means of mathematical abstraction."
How does the need for precision in definitions differ between natural science and other fields?,"In other sciences the situation may be somewhat similar in so far as rather precise definitions are also required; for instance, in law. But here the number of links in the chain of conclusions need not be very great, complete precision is not needed, and rather precise definitions in terms of ordinary language are sufficient."
How does theoretical physics approach the understanding of phenomena?,"In theoretical physics we try to understand groups of phenomena by introducing mathematical symbols that can be correlated with facts, namely, with the results of measurements. For the symbols we use names that visualize their correlation with the measurement. Thus the symbols are attached to the language. Then the symbols are interconnected by a rigorous system of definitions and axioms, and finally the natural laws are expressed as equations between the symbols. The infinite variety of solutions of these equations then corresponds to the infinite variety of particular phenomena that are possible in this part of nature. In this way the mathematical scheme represents the group of phenomena so far as the correlation between the symbols and the measurements goes."
How does the expansion of scientific language relate to new discoveries?,"It is this correlation which permits the expression of natural laws in the terms of common language, since our experiments consisting of actions and observations can always be described in ordinary language. Still, in the process of expansion of scientific knowledge the language also expands; new terms are introduced and the old ones are applied in a wider field or differently from ordinary language. Terms such as 'energy,' 'electricity,' 'entropy' are obvious examples. In this way we develop a scientific language which may be called a natural extension of ordinary language adapted to the added fields of scientific knowledge."
What were the challenges in adopting new concepts in physics?,"During the past century a number of new concepts have been introduced in physics, and in some cases it has taken considerable time before the scientists have really grown accustomed to their use. The term 'electromagnetic field,' for instance, which was to some extent already present in Faraday's work and which later formed the basis of Maxwell's theory, was not easily accepted by the physicists, who directed their attention primarily to the mechanical motion of matter. The introduction of the concept really involved a change in scientific ideas as well, and such changes are not easily accomplished."
How was the language of physics consistent until the 20th century?,"Still, all the concepts introduced up to the end of the last century formed a perfectly consistent set applicable to a wide field of experience, and, together with the former concepts, formed a language which not only the scientists but also the technicians and engineers could successfully apply in their work. To the underlying fundamental ideas of this language belonged the assumptions that the order of events in time is entirely independent of their order in space, that Euclidean geometry is valid in real space, and that the events 'happen' in space and time independently of whether they are observed or not. It was not denied that every observation had some influence on the phenomenon to be observed but it was generally assumed that by doing the experiments cautiously this influence could be made arbitrarily small. This seemed in fact a necessary condition for the ideal of objectivity which was considered as the basis of all natural science."
How did the theory of relativity disrupt the existing framework of physics?,"Into this rather peaceful state of physics broke quantum theory and the theory of special relativity as a sudden, at first slow and then gradually increasing, movement in the foundations of natural science. The first violent discussions developed around the problems of space and time raised by the theory of relativity. How should one speak about the new situation? Should one consider the Lorentz contraction of moving bodies as a real contraction or only as an apparent contraction? Should one say that the structure of space and time was really different from what it had been assumed to be or should one only say that the experimental results could be connected mathematically in a way corresponding to this new structure, while space and time, being the universal and necessary mode in which things appear to us, remain what they had always been?"
What was the issue with the existing language in interpreting the theory of relativity?,The real problem behind these many controversies was the fact that no language existed in which one could speak consistently about the new situation. The ordinary language was based upon the old concepts of space and time and this language offered the only unambiguous means of communication about the setting up and the results of the measurements. Yet the experiments showed that the old concepts could not be applied everywhere.
How did the theory of relativity align with existing language at small velocities?,"The obvious starting point for the interpretation of the theory of relativity was therefore the fact that in the limiting case of small velocities (small compared with the velocity of light) the new theory was practically identical with the old one. Therefore, in this part of the theory it was obvious in which way the mathematical symbols had to be correlated with the measurements and with the terms of ordinary language; actually it was only through this correlation that the Lorentz transformation had been found. There was no ambiguity about the meaning of the words and the symbols in this region."
How has the language of the theory of relativity evolved over time?,"With regard to the language, on the other hand, one has gradually recognized that one should perhaps not insist too much on certain principles. It is always difficult to find general convincing criteria for which terms should be used in the language and how they should be used. One should simply wait for the development of the language, which adjusts itself after some time to the new situation. Actually in the theory of special relativity this adjustment has already taken place to a large extent during the past fifty years. The distinction between 'real' and 'apparent' contraction, for instance, has simply disappeared. The word 'simultaneous' is used in line with the definition given by Einstein, while for the wider definition discussed in an earlier chapter the term 'at a space-like distance' is commonly used, etc."
How did philosophers challenge the idea of non-Euclidean geometry in general relativity?,"In the theory of general relativity the idea of a non-Euclidean geometry in real space was strongly contradicted by some philosophers who pointed out that our whole method of setting up the experiments already presupposed Euclidean geometry. In fact if a mechanic tries to prepare a perfectly plane surface, he can do it in the following way. He first prepares three surfaces of, roughly, the same size which are, roughly, plane. Then he tries to bring any two of the three surfaces into contact by putting them against each other in different relative positions. The degree to which this contact is possible on the whole surface is a measure of the degree of accuracy with which the surfaces can be called 'plane.' He will be satisfied with his three surfaces only if the contact between any two of them is complete everywhere. If this happens one can prove mathematically that Euclidean geometry holds on the three surfaces. In this way, it was argued, Euclidean geometry is just made correct by our own measures."
What is the general relativity perspective on Euclidean geometry?,"From the point of view of general relativity, of course, one can answer that this argument proves the validity of Euclidean geometry only in small dimensions, in the dimensions of our experimental equipment. The accuracy with which it holds in this region is so high that the above process for getting plane surfaces can always be carried out. The extremely slight deviations from Euclidean geometry which still exist in this region will not be realized since the surfaces are made of material which is not strictly rigid but allows for very small deformations and since the concept of 'contact' cannot be defined with complete precision. For surfaces on a cosmic scale the process that has been described would just not work; but this is not a problem of experimental physics."
What is the correlation between Euclidean geometry and general relativity?,"Again, the obvious starting point for the physical interpretation of the mathematical scheme in general relativity is the fact that the geometry is very nearly Euclidean in small dimensions; the theory approaches the classical theory in this region. Therefore, here the correlation between the mathematical symbols and the measurements and the concepts in ordinary language is unambiguous."
How did mathematicians consider the possibility of non-Euclidean geometry before general relativity?,"Still, one can speak about a non-Euclidean geometry in large dimensions. In fact a long time before the theory of general relativity had even been developed the possibility of a non-Euclidean geometry in real space seems to have been considered by the mathematicians, especially by Gauss in Gottingen. When he carried out very accurate geodetic measurements on a triangle formed by three mountains the Brocken in the Harz Mountains, the Inselberg in Thuringia, and the Hohenhagen near Gottingen he is said to have checked very carefully whether the sum of the three angles was actually equal to 180 degrees; and that he considered a difference which would prove deviations from Euclidean geometry as being possible. Actually he did not find any deviations within his accuracy of measurement."
How does the language in quantum theory differ from that in general relativity?,"The most difficult problem, however, concerning the use of the language arises in quantum theory. Here we have at first no simple guide for correlating the mathematical symbols with concepts of ordinary language; and the only thing we know from the start is the fact that our common concepts cannot be applied to the structure of the atoms. Again the obvious starting point for the physical interpretation of the formalism seems to be the fact that the mathematical scheme of quantum mechanics approaches that of classical mechanics in dimensions which are large as compared to the size of the atoms. But even this statement must be made with some reservations. Even in large dimensions there are many solutions of the quantum-theoretical equations to which no analogous solutions can be found in classical physics. In these solutions the phenomenon of the 'interference of probabilities' would show up, as was discussed in the earlier chapters; it does not exist in classical physics. Therefore, even in the limit of large dimensions the correlation between the mathematical symbols, the measurements, and the ordinary concepts is by no means trivial."
What role does interaction with a larger system play in quantum mechanics?,"In order to get to such an unambiguous correlation one must take another feature of the problem into account. It must be observed that the system which is treated by the methods of quantum mechanics is in fact a part of a much bigger system (eventually the whole world); it is interacting with this bigger system; and one must add that the microscopic properties of the bigger system are (at least to a large extent) unknown. This statement is undoubtedly a correct description of the actual situation. Since the system could not be the object of measurements and of theoretical investigations, it would in fact not belong to the world of phenomena if it had no interactions with such a bigger system of which the observer is a part. The interaction with the bigger system with its undefined microscopic properties then introduces a new statistical element into the description both the quantum-theoretical and the classical one of the system under consideration."
How does quantum mechanics approach classical mechanics in large dimensions?,"In the limiting case of the large dimensions this statistical element destroys the effects of the 'interference of probabilities' in such a manner that now the quantum-mechanical scheme really approaches the classical one in the limit. Therefore, at this point the correlation between the mathematical symbols of quantum theory and the concepts of ordinary language is unambiguous, and this correlation suffices for the interpretation of the experiments. The remaining problems again concern the language rather than the facts, since it belongs to the concept 'fact' that it can be described in ordinary language."
What difficulties arise when trying to describe atoms in ordinary language?,"But the problems of language here are really serious. We wish to speak in some way about the structure of the atoms and not only about the 'facts' the latter being, for instance, the black spots on a photographic plate or the water droplets in a cloud chamber. But we cannot speak about the atoms in ordinary language."
How has the concept of complementarity influenced the language of quantum mechanics?,"In answer to the first question one may say that the concept of complementarity introduced by Bohr into the interpretation of quantum theory has encouraged the physicists to use an ambiguous rather than an unambiguous language, to use the classical concepts in a somewhat vague manner in conformity with the principle of uncertainty, to apply alternatively different classical concepts which would lead to contradictions if used simultaneously. In this way one speaks about electronic orbits, about matter waves and charge density, about energy and momentum, etc., always conscious of the fact that these concepts have only a very limited range of applicability. When this vague and unsystematic use of the language leads into difficulties, the physicist has to withdraw into the mathematical scheme and its unambiguous correlation with the experimental facts."
How does the statistical nature of quantum mechanics compare to classical thermodynamics?,"This use of the language is in many ways quite satisfactory, since it reminds us of a similar use of the language in daily life or in poetry. We realize that the situation of complementarity is not confined to the atomic world alone; we meet it when we reflect about a decision and the motives for our decision or when we have the choice between enjoying music and analyzing its structure. On the other hand, when the classical concepts are used in this manner, they always retain a certain vagueness, they acquire in their relation to 'reality' only the same statistical significance as the concepts of classical thermodynamics in its statistical interpretation."
How is the concept of 'temperature' understood in classical thermodynamics versus quantum mechanics?,"The concept 'temperature' in classical thermodynamics seems to describe an objective feature of reality, an objective property of matter. In daily life it is quite easy to define with the help of a thermometer what we mean by stating that a piece of matter has a certain temperature. But when we try to define what the temperature of an atom could mean we are, even in classical physics, in a much more difficult position. Actually we cannot correlate this concept 'temperature of the atom' with a well-defined property of the atom but have to connect it at least partly with our insufficient knowledge of it. We can correlate the value of the temperature with certain statistical expectations about the properties of the atom, but it seems rather doubtful whether an expectation should be called objective. The concept 'temperature of the atom' is not much better defined than the concept 'mixing' in the story about the boy who bought mixed sweets."
How are classical concepts applied to the atom in quantum theory?,"In a similar way in quantum theory all the classical concepts are, when applied to the atom, just as well and just as little defined as the 'temperature of the atom'; they are correlated with statistical expectations; only in rare cases may the expectation become the equivalent of certainty. Again, as in classical thermodynamics, it is difficult to call the expectation objective. One might perhaps call it an objective tendency or possibility, a 'potentia' in the sense of Aristotelian philosophy. In fact, I believe that the language actually used by physicists when they speak about atomic events produces in their minds similar notions as the concept 'potential.'"
How do physicists use the language to describe atomic events?,"So the physicists have gradually become accustomed to considering the electronic orbits, etc., not as reality but rather as a kind of 'potential.' The language has already adjusted itself, at least to some extent, to this true situation. But it is not a precise language in which one could use the normal logical patterns; it is a language that produces pictures in our mind, but together with them the notion that the pictures have only a vague connection with reality, that they represent only a tendency toward reality."
What has the vagueness in the language of physics led to?,The vagueness of this language in use among the physicists has therefore led to attempts to define a different precise language which follows definite logical patterns in complete conformity with the mathematical scheme of quantum theory. The result of these attempts by Birkhoff and Neumann and more recently by Weizsacker can be stated by saying that the mathematical scheme of quantum theory can be interpreted as an extension or modification of classical logic.
What principle of classical logic requires modification in quantum theory?,"It is especially one fundamental principle of classical logic which seems to require a modification. In classical logic it is assumed that, if a statement has any meaning at all, either the statement or the negation of the statement must be correct. Of 'here is a table' or 'here is not a table,' either the first or the second statement must be correct. 'Tertium non datur,' a third possibility does not exist. It may be that we do not know whether the statement or its negation is correct; but in 'reality' one of the two is correct."
How is the law 'tertium non datur' modified in quantum theory?,"In quantum theory this law 'tertium non datur' is to be modified. Against any modification of this fundamental principle one can of course at once argue that the principle is assumed in common language and that we have to speak at least about our eventual modification of logic in the natural language. Therefore, it would be a self-contradiction to describe in natural language a logical scheme that does not apply to natural language. There, however, Weizsacker points out that one may distinguish various levels of language."
Describe the different levels of language proposed by Weizsacker in relation to quantum logic.,"One level refers to the objects, for instance, to the atoms or the electrons. A second level refers to statements about objects. A third level may refer to statements about statements about objects, etc. It would then be possible to have different logical patterns at the different levels. Classical logic may be a priori to quantum logic, as classical physics is to quantum theory. Classical logic would then be contained as a limiting case in quantum logic, but the latter would constitute the more general logical pattern."
Explain how quantum theory challenges classical logic with an example involving an atom in a box.,"Consider an atom moving in a closed box divided by a wall into two equal parts, with a small hole allowing the atom to pass through. According to classical logic, the atom can either be in the left half or the right half, with no third possibility ('tertium non datur'). In quantum theory, however, there are strange mixtures of these possibilities. For instance, measuring the intensity distribution of light scattered by the atom when confined to the left, right, or both halves yields results modified by the 'interference of probabilities,' not just a mixture of the two distributions."
"What is the concept of 'degree of truth' introduced by Weizsacker, and how does it apply to quantum statements?","Weizsacker introduced the concept of 'degree of truth,' where a complex number measures the truth of a statement. A value of 1 means the statement is true, and 0 means false, but other values are possible. The absolute square of the complex number gives the probability of the statement being true. For a statement like 'The atom is in the left half of the box,' a pair of complex numbers for both alternatives ('left' or 'right') determines the intensity distribution of scattered light in experiments."
Define the concept of 'complementarity' in quantum logic as explained by Weizsacker.,"Each statement that is not identical to either of two alternative statements (e.g., 'The atom is in the left half' or 'The atom is in the right half') is called complementary. A complementary statement means the question of whether the atom is left or right is not decided. 'Not decided' is different from 'not known,' which implies the atom is 'really' left or right but unknown. 'Not decided' indicates a situation expressible only by a complementary statement."
How does the logical pattern introduced by Weizsacker align with the mathematical formalism of quantum theory?,"The general logical pattern, which includes the concept of 'degree of truth' and 'complementarity,' corresponds precisely to the mathematical formalism of quantum theory. This pattern forms the basis of a precise language that can describe atomic structure. However, applying this language raises complex issues, such as the relationship between different 'levels' of language and its implications for underlying ontology."
Explain the relationship between different levels of language in classical logic versus quantum logic.,"In classical logic, the relationship between different levels of language is a one-to-one correspondence. For example, the statements 'The atom is in the left half' and 'It is true that the atom is in the left half' are logically equivalent and either both true or both false. However, in quantum logic, this relationship is more complex. While the correctness of the first statement implies the correctness of the second, the incorrectness of the second does not necessarily imply the incorrectness of the first. The second statement can be incorrect, yet the first may remain undecided."
Describe how classical laws persist in quantum theory despite the modified logical patterns.,"Classical laws persist in quantum theory because whenever a definite result can be derived from classical laws in a given experiment, that result also follows from quantum theory and holds experimentally. The logical connection between statements in quantum theory maintains the equivalence of correctness but not incorrectness, ensuring classical results are preserved where applicable."
Define 'coexistent states' as introduced by Weizsacker and their significance in quantum ontology.,"Weizsacker defines 'coexistent states' as states corresponding to complementary statements in quantum theory. These states are not distinct but overlap, where each state contains aspects of the other coexistent states. This concept shifts the notion of 'state' from a materialistic ontology to one of potentialities. Thus, a 'state' represents potentiality rather than reality, and 'coexistent potentialities' become plausible as one potentiality may involve or overlap with others."
Why might it be necessary to modify the concept of 'state' in quantum theory?,"The concept of 'state' in quantum theory may need modification because traditional materialistic ontology does not adequately describe quantum phenomena. By viewing states as potentialities rather than fixed realities, the term 'coexistent potentialities' better captures the overlapping and interdependent nature of quantum states."
Discuss the challenges of describing atomic particles using natural language and logic.,"Describing atomic particles presents challenges because natural language relies on classical logic, which may not apply to quantum phenomena. One option is to use the mathematical framework of quantum theory as a supplement to natural language. Another is to employ a modified logic or an undefined logic. While experimental results and phenomena in atomic events are real, the particles themselves exist as potentialities or possibilities rather than tangible things or facts."
"How has the concept of matter evolved throughout history, according to early Greek philosophy?","In early Greek philosophy, from thinkers like Thales to the Atomists, the concept of matter was seen as a unifying principle amid the universal change of all things. This idea of 'cosmic matter' was a world substance that experienced all transformations, giving rise to all individual things, and to which they returned. It was sometimes linked to specific substances, like water, air, or fire, but only partially. The focus was on the notion of a fundamental material from which everything is made, rather than a precise substance."
How did Aristotle's concept of matter differ from that of early Greek philosophers?,"In Aristotle's philosophy, matter was conceptualized in relation to form. All observable phenomena were considered 'formed matter,' meaning that matter, by itself, was not an independent reality but a potentiality ('potentia'). It existed only through form. In natural processes, essence transitions from potential to actual through form. Aristotle's matter was neither specific substances like water or air nor empty space; instead, it was an undefined physical substratum holding the potential to become actual via form. Examples in Aristotle's philosophy include biological processes where matter forms into living organisms, or a sculptor's work where a statue is seen as potentially existing within a block of marble before being sculpted."
How did Descartes' philosophy change the concept of matter compared to previous ideas?,"Descartes introduced a dualistic view of the world, separating 'matter' from 'mind.' He called these two aspects 'res extensa' (extended substance) and 'res cogitans' (thinking substance). Unlike earlier philosophies that often linked matter to a spiritual or vegetative component, Descartes' view defined matter as an independent reality, separate from the mind and supernatural forces. This era of thought was influenced by the methodical principles of natural science, especially mechanics, which considered physical phenomena as resulting from a causal chain of mechanical interactions, removing the relevance of the dualism between matter and form present in Aristotelian thought. This concept of 'formed matter' became a dominant part of how we currently understand 'matter.'"
What role did the dualism between matter and force play in 19th-century natural science?,"In the 19th century, a new dualism emerged in natural science: the distinction between 'matter' and 'force.' Matter was understood as the entity upon which forces acted, or as something that could produce forces—like how matter generates gravitational force, which in turn acts on other matter. This division echoed, to some extent, Aristotle's distinction between matter and form, in the sense that forces could be seen as formative influences on matter. However, in modern physics, this distinction between matter and force has faded. Fields of force contain energy, effectively making them a form of matter, with specific elementary particles associated with each force field that behave similarly to other atomic units of matter."
"How has modern physics shifted the investigation of matter, and what role does experimentation play?","Modern physics approaches the study of matter by examining its various forms and the forces that structure them. Since Galileo, the experimental method has been fundamental, allowing scientists to move from general observations to specific experiments. To understand the nature of matter, experiments often subject it to extreme conditions, hoping to identify the core properties that persist through changes. This approach aims to uncover unifying principles or natural laws that can explain the vast diversity and mutability of matter's forms."
What was the initial contribution of chemistry to the understanding of matter?,"In the early days of modern natural science, chemistry played a crucial role in understanding the structure of matter. Chemists introduced the concept of the chemical element, defined as a substance that could not be further broken down by available methods such as boiling, burning, dissolving, or mixing. This was a major step toward understanding matter, as it reduced the vast variety of substances to a relatively small number of fundamental elements, helping to organize and bring order to the phenomena of chemistry. The smallest unit of a chemical element was termed an 'atom,' and molecules were understood as combinations of different atoms—like a water molecule consisting of two hydrogen atoms and one oxygen atom."
How did the discovery of the conservation of mass contribute to the concept of matter?,"The discovery of the conservation of mass was a significant advancement in chemistry, providing a quantitative aspect to the concept of matter. For example, when carbon burns to form carbon dioxide, the mass of the resulting carbon dioxide equals the sum of the masses of carbon and oxygen before the reaction. This principle established that mass remains constant in chemical processes, independent of chemical properties. It allowed matter to be consistently measured by its mass, reinforcing the idea that matter is conserved even as it undergoes chemical transformations."
"What led to the discovery that elements are interconnected, and how was this connection further developed?","In the 19th century, clues emerged that suggested a connection between different chemical elements. The observation that atomic weights of various elements often appeared to be integer multiples of a smallest unit, close to the atomic weight of hydrogen, hinted at a fundamental relationship. Additionally, similarities in the chemical properties of some elements provided more evidence of a connection. However, it wasn't until the discovery of forces much stronger than those involved in chemical reactions—specifically in radioactive processes—that a deeper connection between elements was established. These processes were discovered in 1896 by Becquerel, and further explored by Curie, Rutherford, and others, leading to the understanding of element transmutation and a more unified concept of matter."
What was the significance of Rutherford's nuclear model of the atom?,"Rutherford's experiments on the scattering of alpha particles led to the nuclear model of the atom in 1911. This model introduced a clear distinction between two parts of the atom: the dense, massive nucleus at the center and the surrounding electronic shells. The nucleus, containing nearly all the atom's mass, is incredibly small compared to the total volume of the atom (its radius is about 100,000 times smaller than that of the atom). The nucleus has a positive electric charge that is an integer multiple of the elementary charge, dictating the number of surrounding electrons to ensure electrical neutrality and influencing their orbital configurations. This model became fundamental to our understanding of atomic structure and the forces within an atom."
Why are chemical elements considered the fundamental units in chemistry?,"The distinction between the atomic nucleus and the electronic shells provided clarity on why chemical elements are considered the last units of matter in chemistry. The chemical bonds between atoms are due to interactions of the electronic shells, which involve relatively weak forces. These interactions can be influenced or broken with energies provided by low-voltage processes, such as those in a discharge tube. However, the chemical behavior of an atom is defined by the charge of its nucleus, making the nucleus central to an element's chemical properties. Altering the chemical properties requires changing the nucleus, which demands energies about a million times greater than those affecting the electronic shells. Thus, for chemistry, the chemical elements remain the fundamental units of matter."
How did quantum theory contribute to the stability of the atomic model?,"The nuclear model of the atom, if viewed through Newtonian mechanics, failed to account for the atom's stability. The application of quantum theory by Bohr was crucial in explaining why atoms like carbon remain stable, even after interactions or radiation emission, maintaining the same electronic shells. Quantum theory introduced concepts that prevented a simple, objective description of the atom's structure in classical space and time, thus accounting for the observed stability of elements. This marked a significant advancement in understanding the structure of matter, linking the behavior of atoms to the mathematical framework of quantum mechanics."
What are the two directions of research in the study of the structure of matter?,"Research on the structure of matter has progressed in two main directions: one focuses on studying the interaction of atoms and their organization into larger structures like molecules, crystals, or biological objects. The other direction delves into the investigation of the atomic nucleus and its components to explore the fundamental unity of matter. These research paths aim to extend our understanding of matter, either by exploring how atoms combine to form complex materials or by examining the subatomic components to uncover the core building blocks of matter."
"What are the two primary types of atomic binding, and how do they relate to chemistry?","There are two main types of atomic binding, both governed by quantum mechanics rather than classical Newtonian mechanics. The first type involves an electron transferring from one atom to another, resulting in both atoms being charged and forming ions. These ions, having opposite charges, attract each other. The second type is a valency bond, where an electron is shared between two atoms. In quantum terms, this electron spends time with both nuclei, linking them together. These types of bonds—ionic and covalent—are fundamental in chemistry, leading to the formation of various molecular and crystalline structures that define the complex characteristics of bulk matter."
How do quantum forces influence the structure and behavior of materials?,"Quantum forces primarily determine the interactions between atoms, which result in different material structures and behaviors. For example, chemical compounds form through small, closed groups of atoms, creating individual molecules. Crystals arise from atoms arranging in regular lattices, while metals are characterized by tightly packed atoms with outer electrons that are free to move throughout the crystal. Other properties, like magnetism, originate from quantum effects such as the spinning motion of electrons. These interactions, although interpreted in terms of classical matter (nuclei and electrons) and forces (electromagnetic), fundamentally rely on the laws of quantum mechanics."
How does biology differ from physics and chemistry in its study of the structure of matter?,"Biology deals with structures that are more complex and distinct compared to those studied in physics and chemistry. Although there is no sharp distinction between animate and inanimate matter, biology focuses on the stability of processes or functions, unlike the stability of form seen in atoms or crystals. Biological stability is influenced by quantum-theoretical forces, particularly in understanding large organic molecules and their patterns. Despite advancements in explaining biological functions through physical and chemical laws, a complete description of living organisms may be elusive. This is due to the interference that necessary experiments could have on biological processes, highlighting a complementarity in biological research—using physics and chemistry but acknowledging concepts unique to life."
What marked the shift in research from atomic physics to exploring the unity of matter?,"The shift from studying atomic physics to seeking the unity of matter began with probing the atomic nucleus. Unlike complex biological systems, testing the fundamental nature of matter involves exposing it to extreme forces and conditions. Early experiments, such as Rutherford's transmutation of light elements using alpha particles, initiated the study of nuclear physics. This was further advanced by Cockcroft and Walton, who used artificial proton acceleration to transmute lithium into helium, marking the beginning of modern nuclear physics and revealing the simpler structure of the atomic nucleus—composed of protons and neutrons."
"What are the primary components of atomic nuclei, and how did their discovery simplify the understanding of matter?","The discovery of protons and neutrons as the two primary components of atomic nuclei significantly simplified the understanding of matter. Protons, which are also hydrogen nuclei, and neutrons, which are similar in mass to protons but electrically neutral, constitute all atomic nuclei. This led to a reduction in the complexity of matter: instead of many unique chemical elements, only three fundamental units—protons, neutrons, and electrons—were needed to describe all matter. This marked a major step towards unification and simplification, though not yet a complete understanding of the unity of matter."
What challenges remain in fully understanding the structure of atomic nuclei?,"Despite the identification of protons and neutrons, fully understanding the structure of atomic nuclei remains challenging. While the forces in the electronic shells of atoms are well-defined and governed by quantum mechanics, the forces in the nucleus are less clear. These nuclear forces are likely more complex than the simple electrostatic interactions of the electronic shells. This complexity, combined with experimental limitations and mathematical challenges in modeling these interactions, complicates the task of deriving the properties of nuclei from basic principles. Nevertheless, a qualitative understanding of nuclear structure has been achieved."
"What is the 'final problem' in the study of matter, and what is required to address it?","The 'final problem' in the study of matter is determining whether protons, neutrons, and electrons are truly fundamental, indivisible units, or if they are different forms of the same underlying substance. This involves exploring if these particles can be transmuted into each other or into entirely new forms of matter. Addressing this question requires much greater forces and energies than those used to study atomic nuclei. These energies exceed what is available in atomic nuclei, necessitating either reliance on cosmic-scale forces or advanced engineering solutions to generate the necessary conditions for experimentation."
How has cosmic radiation contributed to the study of the structure of matter?,"Cosmic radiation has provided a valuable tool for studying the structure of matter. This radiation is the result of electromagnetic fields on the surface of stars, which accelerate charged particles, including electrons and atomic nuclei, to extremely high energies. The heavier nuclei, due to their greater inertia, can remain within the accelerating fields over long distances. Upon leaving the stellar surface, these nuclei may undergo further acceleration in interstellar magnetic fields and are then trapped in the galaxy's magnetic field, creating what is known as cosmic radiation. This radiation, which includes nuclei of various elements from hydrogen to heavier elements, reaches Earth with energies ranging from hundreds of millions to billions of electron volts. When these high-energy particles collide with Earth's atmosphere or with experimental apparatus, they provide insights into the properties of atomic particles and nuclear interactions."
Describe the role of particle accelerators in modern physics research and their contribution to the concept of the unity of matter.,"Particle accelerators, like the early cyclotron developed by Lawrence in the 1930s, have been crucial tools in advancing our understanding of the fundamental nature of matter. These machines use powerful magnetic fields to keep charged particles, such as protons or electrons, in circular motion, allowing them to be accelerated repeatedly by electric fields until they reach extremely high energies. These devices have reached energies of several hundred million electron volts, and collaborative projects, like the large accelerator in Geneva, aim for energies up to 25,000 million electron volts. The experiments conducted using these accelerators have revealed a multitude of new elementary particles beyond the basic electron, proton, and neutron. These particles, although similar in some respects to the traditional building blocks of matter, are highly unstable, with lifetimes ranging from a millionth of a second to even shorter intervals. Despite the discovery of around twenty-five new elementary particles, this does not contradict the unity of matter. These particles can be created and transformed from other particles or even from pure kinetic energy, and they can be annihilated into energy. This demonstrates that all matter is mutable and can be converted into different forms. This understanding is akin to Aristotle's idea of 'potentia,' where energy is a potential state that gains 'actuality' as matter, taking on different forms as particles are created and annihilated. Thus, modern experiments provide strong evidence that all elementary particles are manifestations of a single underlying substance—energy—supporting the concept of the unity of matter."
"Discuss the challenges faced in formulating a mathematical description of the fundamental structure of matter, particularly regarding the combination of quantum theory and the theory of special relativity.","Modern physics aims to move beyond a qualitative understanding of matter's fundamental structure to achieve a precise mathematical formulation of the natural laws governing elementary particles and their interactions. In this realm, the distinction between matter and force becomes blurred. Each elementary particle not only generates forces and is influenced by them, but also represents a specific field of force. The wave-particle duality central to quantum theory means that matter and force are different aspects of the same underlying entity. Attempts to mathematically describe the behavior of elementary particles have consistently relied on the quantum theory of wave fields. However, the first efforts, beginning in the 1930s, encountered significant difficulties due to the interplay between quantum theory and the theory of special relativity. At a glance, quantum theory and relativity seem to address separate aspects of nature: quantum theory deals with the behavior of particles at very small scales, while special relativity handles the structure of space and time, especially at high velocities. Despite their seemingly distinct domains, a deeper examination reveals a critical point of interaction between the two theories, leading to complications. The core issue lies in the relativistic concept of space and time. Unlike Newtonian mechanics, special relativity introduces a maximum speed limit—the speed of light—that no object or signal can exceed. Consequently, two events occurring at distant locations cannot be causally linked if light from one event would reach the other only after it has occurred; these events can be considered simultaneous. In such scenarios, no physical influence can connect the events instantaneously. Therefore, the idea of instantaneous 'action at a distance'—as proposed in Newtonian gravity—is incompatible with special relativity. Relativity requires that interactions occur locally, propagating from one point to its immediate surroundings through a series of steps. This necessitates the use of differential equations for wave or field descriptions, which adhere to Lorentz invariance. These equations inherently prevent any direct influence between simultaneous events. Thus, special relativity introduces a sharp distinction: there is an infinitely precise boundary separating the realm of simultaneity (where no influence can be transmitted) from the regions where direct interactions can occur."
"Discuss the conflict between quantum theory and special relativity, especially regarding the challenges of combining these theories, and how certain mathematical schemes have attempted to address the resulting inconsistencies.","The core conflict between quantum theory and special relativity arises from the inherent differences in their descriptions of nature. In quantum theory, the uncertainty principle imposes a limit on how accurately one can measure complementary variables like position and momentum, or time and energy, simultaneously. This uncertainty implies that any boundary that is infinitely precise in space or time would result in infinite uncertainty for the corresponding momentum or energy, leading to the possibility of arbitrarily high energies and momenta with overwhelming likelihood. On the other hand, special relativity requires a sharp separation between simultaneous and causally connected events, enforcing an exact boundary where no influence can occur instantaneously over a distance. The combination of these two requirements—quantum uncertainty and relativistic causality—leads to severe mathematical inconsistencies, particularly in the high-energy, high-momentum regime, causing divergences. Efforts to reconcile quantum theory with special relativity have led to the exploration of various mathematical schemes, but none have fully succeeded in addressing the core issues. For example, one early mathematical model implied a form of time reversal. In this model, particles could spontaneously appear in space, with their required energy accounted for by later collisions between other particles. However, experimental evidence suggests that such processes do not occur in nature if the events are separated by measurable distances in time and space. Another approach, known as 'renormalization,' aimed to push the problematic infinities to locations in the formalism where they wouldn’t interfere with observable physical quantities. Renormalization proved quite effective in the context of quantum electrodynamics, leading to significant progress in explaining certain aspects of the hydrogen spectrum. Yet, deeper analysis raised concerns that under some circumstances, probabilities—central to quantum theory—could turn negative within this framework, undermining its consistency. The search for a final solution to these problems continues, relying on increasingly precise experimental data on elementary particles, their interactions, and the forces at play. While time-reversal processes seem unlikely over measurable distances, it's conceivable they could occur in minuscule regions of space and time, beyond the reach of current experimental methods. If, in the future, experimental capabilities expand to observe such events, it might compel physicists to reconsider the interpretation of these phenomena. Thus, the ongoing analysis of both quantum mechanics and relativity could provide fresh perspectives on the problem."
"Explain the relationship between the velocity of light, Planck's constant, and the theory of relativity.","The theory of relativity is connected with a universal constant in nature, the velocity of light. This constant determines the relation between space and time and is therefore implicitly contained in any natural law which must fulfill the requirements of Lorentz invariance. Our natural language and the concepts of classical physics can apply only to phenomena for which the velocity of light can be considered as practically infinite. When we in our experiments approach the velocity of light we must be prepared for results which cannot be interpreted in these concepts. Quantum theory is connected with another universal constant of nature, Planck's quantum of action. An objective description for events in space and time is possible only when we have to deal with objects or processes on a comparatively large scale, where Planck's constant can be regarded as infinitely small. When our experiments approach the region where the quantum of action becomes essential we get into all those difficulties with the usual concepts that have been discussed in earlier chapters of this volume."
"Why is a third universal constant necessary, and how does it relate to understanding the masses of elementary particles?","There must exist a third universal constant in nature. This is obvious for purely dimensional reasons. The universal constants determine the scale of nature, the characteristic quantities that cannot be reduced to other quantities. One needs at least three fundamental units for a complete set of units. This is most easily seen from such conventions as the use of the c-g-s system (centimeter, gram, second system) by the physicists. A unit of length, one of time, and one of mass is sufficient to form a complete set; but one must have at least three units. Now, the velocity of light and Planck's constant of action provide only two of these units. There must be a third one, and only a theory which contains this third unit can possibly determine the masses and other properties of the elementary particles. Judging from our present knowledge of these particles, the most appropriate way of introducing the third universal constant would be by the assumption of a universal length the value of which should be roughly 10{^-13} cm, that is, somewhat smaller than the radii of the light atomic nuclei."
"What happens when experiments approach regions smaller than nuclear radii, and how does this relate to time reversal phenomena?","If we assume that the laws of nature do contain a third universal constant of the dimension of a length and of the order of 10^{-13} cm, then we would again expect our usual concepts to apply only to regions in space and time that are large as compared to the universal constant. We should again be prepared for phenomena of a qualitatively new character when we in our experiments approach regions in space and time smaller than the nuclear radii. The phenomenon of time reversal, which has been discussed and which so far has only resulted from theoretical considerations as a mathematical possibility, might therefore belong to these smallest regions. If so, it could probably not be observed in a way that would permit a description in terms of the classical concepts. Such processes would probably, so far as they can be observed and described in classical terms, obey the usual time order."
What are the expectations for future research in atomic physics regarding the unity of matter?,"But all these problems will be a matter of future research in atomic physics. One may hope that the combined effort of experiments in the high energy region and of mathematical analysis will someday lead to a complete understanding of the unity of matter. The term 'complete understanding' would mean that the forms of matter in the sense of Aristotelian philosophy would appear as results, as solutions of a closed mathematical scheme representing the natural laws for matter."
What is the thesis of World Perspectives?,"It is the thesis of World Perspectives that man is in the process of developing a new consciousness which, in spite of his apparent spiritual and moral captivity, can eventually lift the human race above and beyond the fear, ignorance, and isolation which beset it today."
To what concept is World Perspectives dedicated?,"World Perspectives is dedicated to this nascent consciousness, to this concept of man born out of a universe perceived through a fresh vision of reality."
Who is invited to participate in the World Perspectives Series?,Only those spiritual and intellectual leaders of our epoch who have a paternity in this extension of man's horizons are invited to participate in this Series: those who are aware of the truth that beyond the divisiveness among men there exists a primordial unitive power since we are all bound together by a common humanity more fundamental than any unity of dogma.
What is required to replace mankind's divisiveness?,The centrifugal force which has scattered and atomized mankind must be replaced by an integrating structure and process capable of bestowing meaning and purpose on existence.
What role does science play in shaping humanity's future?,"Science itself, when not inhibited by the limitations of its own methodology, when chastened and humbled, commits man to an indeterminate range of yet undreamed consequences that may flow from it."
What is this Series about?,"This Series endeavors to point to a reality of which scientific theory has revealed only one aspect. It is the commitment to this reality that lends universal intent to a scientist's most original and solitary thought. By acknowledging this frankly we shall restore science to the great family of human aspirations by which men hope to fulfill themselves in the world community as thinking and sentient beings. For our problem is to discover a principle of differentiation and yet relationship lucid enough to justify and to purify scientific, philosophic and all other knowledge, both discursive and intuitive, by accepting their interdependence. This is the crisis in consciousness made articulate through the crisis in science. This is the new awakening. Each volume presents the thought and belief of its author and points to the way in which religion, philosophy, art, science, economics, politics and history may constitute that form of human activity which takes the fullest and most precise account of variousness, possibility, complexity and difficulty. Thus World Perspectives endeavors to define that ecumenical power of the mind and heart which enables man through his mysterious greatness to re-create his life."
What is the commitment and purpose of this Series?,"This Series is committed to a re-examination of all those sides of human endeavor which the specialist was taught to believe he could safely leave aside. It interprets present and past events impinging on human life in our growing World Age and envisages what man may yet attain when summoned by an unbending inner necessity to the quest of what is most exalted in him. Its purpose is to offer new vistas in terms of world and human development while refusing to betray the intimate correlation between universality and individuality, dynamics and form, freedom and destiny. Each author deals with the increasing realization that spirit and nature are not separate and apart; that intuition and reason must regain their importance as the means of perceiving and fusing inner being with outer reality. World Perspectives endeavors to show that the conception of wholeness, unity, organism is a higher and more concrete conception than that of matter and energy. Thus an enlarged meaning of life, of biology, not as it is revealed in the test tube of the laboratory but as it is experienced within the organism of life itself is attempted in this Series. For the principle of life consists in the tension which connects spirit with the realm of matter. The element of life is dominant in the very texture of nature, thus rendering life, biology, a trans-empirical science. The laws of life have their origin beyond their mere physical manifestations and compel us to consider their spiritual source. In fact, the widening of the conceptual framework has not only served to restore order within the respective branches of knowledge, but has also disclosed analogies in man's position regarding the analysis and synthesis of experience in apparently separated domains of knowledge suggesting the possibility of an ever more embracing objective description of the meaning of life. Knowledge, it is shown in these books, no longer consists in a manipulation of man and nature as opposite forces, nor in the reduction of data to mere statistical order, but is a means of liberating mankind from the destructive power of fear, pointing the way toward the goal of the rehabilitation of the human will and the rebirth of faith and confidence in the human person. The works published also endeavor to reveal that the cry for patterns, systems and authorities is growing less insistent as the desire grows stronger in both East and West for the recovery of a dignity, integrity and self-realization which are the inalienable rights of man who may now guide change by means of conscious purpose in the light of rational experience."
What vital questions does the Series explore about international understanding and prejudice?,Other vital questions explored relate to problems of international understanding as well as to problems dealing with prejudice and the resultant tensions and antagonisms.
How does the World Age influence the perception of individuals and collectives?,The growing perception and responsibility of our World Age point to the new reality that the individual person and the collective person supplement and integrate each other; that the thrall of totalitarianism of both left and right has been shaken in the universal desire to recapture the authority of truth and human totality.
Where should mankind place its trust according to this new consciousness?,"Mankind can finally place its trust not in a proletarian authoritarianism, not in a secularized humanism, both of which have betrayed the spiritual property right of history, but in a sacramental brotherhood and in the unity of knowledge."
How does this new consciousness compare to historical revolutions in thought?,"This new consciousness has created a widening of human horizons beyond every parochialism, and a revolution in human thought comparable to the basic assumption, among the ancient Greeks, of the sovereignty of reason; corresponding to the great effulgence of the moral conscience articulated by the Hebrew prophets; analogous to the fundamental assertions of Christianity; or to the beginning of a new scientific era, the era of the science of dynamics, the experimental foundations of which were laid by Galileo in the Renaissance."
What is the relationship between freedom and the aspect of truth according to the Series?,"In the light of this, we have no choice but to admit that the unfreedom against which freedom is measured must be retained with it, namely, that the aspect of truth out of which the night view appears to emerge, the darkness of our time, is as little abandonable as is man's subjective advance. Thus the two sources of man's consciousness are inseparable, not as dead but as living and complementary, an aspect of that 'principle of complementarity' through which Niels Bohr has sought to unite the quantum and the wave, both of which constitute the very fabric of life's radiant energy."
What counterforce does mankind possess against the sterility of mass culture?,"There is in mankind today a counterforce to the sterility and danger of a quantitative, anonymous mass culture, a new, if sometimes imperceptible, spiritual sense of convergence toward world unity on the basis of the sacredness of each human person and respect for the plurality of cultures. There is a growing awareness that equality may not be evaluated in mere numerical terms but is proportionate and analogical in its reality. For when equality is equated with interchangeability, individuality is negated and the human person extinguished."
What new vision does the World Age bring about for humanity and history?,"We stand at the brink of an age of a world in which human life presses forward to actualize new forms. The false separation of man and nature, of time and space, of freedom and security, is acknowledged and we are faced with a new vision of man in his organic unity and of history offering a richness and diversity of quality and majesty of scope hitherto unprecedented."
What does World Perspectives aim to achieve in society and history?,"In relating the accumulated wisdom of man's spirit to the new reality of the World Age, in articulating its thought and belief, World Perspectives seeks to encourage a renaissance of hope in society and of pride in man's decision as to what his destiny will be."
How does World Perspectives view the creative process in relation to cosmic law?,"World Perspectives is committed to the recognition that all great changes are preceded by a vigorous intellectual reevaluation and reorganization. Our authors are aware that the sin of hybris may be avoided by showing that the creative process itself is not a free activity if by free we mean arbitrary, or unrelated to cosmic law. For the creative process in the human mind, the developmental process in organic nature and the basic laws of the inorganic realm may be but varied expressions of a universal formative process."
What exceptional movements are at work during this apocalyptic period?,"Thus World Perspectives hopes to show that although the present apocalyptic period is one of exceptional tensions, there is also at work an exceptional movement toward a compensating unity which refuses to violate the ultimate moral power at work in the universe, that very power upon which all human effort must at last depend."
What insight does World Perspectives provide about human nature and knowledge?,In this way we may come to understand that there exists an inherent independence of spiritual and mental growth which though conditioned by circumstances is never determined by circumstances. In this way the great plethora of human knowledge may be correlated with an insight into the nature of human nature by being attuned to the wide and deep range of human thought and human experience.
What is the purpose of World Perspectives in light of current global challenges?,"In spite of the infinite obligation of men and in spite of their finite power, in spite of the intransigence of nationalisms, and in spite of the homelessness of moral passions rendered ineffectual by the scientific outlook, beneath the apparent turmoil and upheaval of the present, and out of the transformations of this dynamic period with the unfolding of a world consciousness, the purpose of World Perspectives is to help quicken the 'unshaken heart of well-rounded truth' and interpret the significant elements of the World Age now taking shape out of the core of that undimmed continuity of the creative process which restores man to mankind while deepening and enhancing his communion with the universe."
Describe the impact of the Copenhagen interpretation of quantum theory on the scientific community.,"The Copenhagen interpretation of quantum theory has led the physicists far away from the simple materialistic views that prevailed in the natural science of the nineteenth century. Since these views had not only been intrinsically connected with natural science of that period but had also found a systematic analysis in some philosophic systems and had penetrated deeply into the mind even of the common men on the street, it can be well understood that many attempts have been made to criticize the Copenhagen interpretation and to replace it by one more in line with the concepts of classical physics or materialistic philosophy."
Identify and describe the different groups that have attempted to critique the Copenhagen interpretation.,"These attempts can be divided into three different groups. The first group does not want to change the Copenhagen interpretation so far as predictions of experimental results are concerned; but it tries to change the language of this interpretation in order to get a closer resemblance to classical physics. In other words, it tries to change the philosophy without changing the physics. Some papers of this first group restrict their agreement with the experimental predictions of the Copenhagen interpretation to all those experiments that have hitherto been carried out or that belong to normal electronic physics. The second group realizes that the Copenhagen interpretation is the only adequate one, if the experimental results agree everywhere with the predictions of this interpretation. Therefore, the papers of this group try to change quantum theory to some extent in certain critical points. The third group, finally, expresses rather its general dissatisfaction with the results of the Copenhagen interpretation and especially with its philosophical conclusions, without making definite counterproposals. Papers by Einstein, von Laue and Schrodinger belong to this third group which has historically been the first of the three groups."
Describe the common goal among opponents of the Copenhagen interpretation.,"All the opponents of the Copenhagen interpretation agree on one point. They believe it would be desirable to return to the reality concept of classical physics or, more generally, to the ontology of materialism. They prefer the idea of an objective real world, where the smallest parts exist objectively in the same way as stones or trees, independent of observation. However, this return is considered impossible or at least not entirely possible due to the nature of atomic phenomena."
Explain why interpretations from the first group of Copenhagen interpretation critics cannot be refuted by experiment.,"The interpretations from the first group cannot be refuted by experiment because they essentially restate the Copenhagen interpretation using different language. From a strictly positivistic standpoint, this group does not provide counterproposals to the Copenhagen interpretation, but rather repeats it in a different form. Thus, the only point of contention is the suitability of the chosen language."
Discuss the idea of 'hidden parameters' in the context of quantum mechanics.,"The idea of 'hidden parameters' is proposed by some who believe that since quantum-theoretical laws generally determine experimental results only statistically, there might exist hidden parameters, unobservable in typical experiments, that causally determine outcomes in a classical way. Some efforts have been made to construct such parameters within the framework of quantum mechanics."
Summarize Bohm's counterproposal to the Copenhagen interpretation.,"Bohm's counterproposal to the Copenhagen interpretation suggests that particles are 'objectively real' structures, akin to point masses in Newtonian mechanics. In his interpretation, waves in configuration space are also 'objectively real,' similar to electric fields. Configuration space refers to a space of many dimensions related to the different coordinates of all the system's particles. Bohm defines lines perpendicular to surfaces of constant wave-phase as possible particle orbits. However, determining the 'real' orbit relies on the system's history and measuring apparatus, incorporating hidden parameters, or the 'actual orbit' before the experiment began."
What is the challenge in calling waves in configuration space 'real'?,"The challenge in calling waves in configuration space 'real' arises because configuration space is a highly abstract concept, not a physical three-dimensional space where ordinary 'things' exist. The term 'real' is traditionally tied to the Latin 'res,' meaning 'thing,' which implies existence in tangible space. Waves in configuration space may be termed 'objective' if they do not depend on an observer, but calling them 'real' requires a shift in the traditional meaning of the word."
What is the contradiction in Bohm's interpretation regarding electrons in the ground state?,"In Bohm's interpretation, as emphasized by Pauli, electrons in the ground states of many atoms should be at rest, not performing any orbital motion around the atomic nucleus. This contradicts experiments, which show a velocity distribution in the ground state consistent with the rules of quantum mechanics, according to the square of the wave function in momentum or velocity space. Bohm argues that measurement evaluation should account for the quantum theory of the measuring equipment and special quantum potentials he introduces, allowing him to assert that electrons 'really' are always at rest."
How does Bohm's interpretation address measurements of particle position and velocity?,"In Bohm's interpretation, he accepts the conventional interpretation of measurements for particle position, but he rejects it for velocity measurements. He maintains that electrons in the ground state are at rest, despite experimental indications to the contrary, using the concept of hidden parameters and quantum potentials to support this view. This creates a division in how Bohm treats measurements of position versus velocity, which leads him to claim that the Copenhagen interpretation does not need to be abandoned for an objective description of quantum theory."
What analogy did Bohr use to critique Bohm's hopes for a future change in quantum theory?,"Bohr critiqued Bohm's hopes for a future change in quantum theory with an analogy, suggesting that Bohm's expectations were like hoping that '2 X 2 = 5' would someday be proven true for the sake of financial advantage. Bohr meant that such a change, while technically imaginable, would undermine the foundations of quantum theory and Bohm's own interpretation. The analogy emphasizes that while alterations to quantum theory aren't strictly impossible, they seem implausible and unlikely to be practical."
Why is Bohm's interpretation not considered an improvement over the Copenhagen interpretation?,"Bohm's interpretation is not considered an improvement over the Copenhagen interpretation because it doesn't offer a different physics but changes the language, which introduces a superfluous 'ideological superstructure.' Additionally, Bohm's interpretation disrupts the symmetry between position and velocity that is integral to quantum theory, accepting conventional interpretations for position measurements while rejecting them for velocity. This lack of symmetry detracts from the coherence and essential features of the theory."
What is the main objection to Bopp's statistical interpretation of quantum theory?,"The main objection to Bopp's statistical interpretation of quantum theory is that it disrupts the inherent symmetry between particles and waves in quantum mechanics. While Bopp considers particle creation and annihilation as fundamental processes, viewing particles as 'real' in a classical materialistic sense, this creates an asymmetry because the interpretation does not extend to waves. The mathematical framework of quantum theory can treat both particles and three-dimensional matter waves equivalently, and Bopp's interpretation lacks this balance unless correlation statistics for matter waves are also developed."
What criticism does Fenyes have regarding the uncertainty principle?,"Fenyes, in his interpretation, suggests that the uncertainty principle, which he ties to certain statistical relationships, does not rule out the possibility of simultaneous measurement of position and velocity with arbitrary precision. However, he does not provide a practical method for performing such measurements, making his considerations seem like abstract mathematics without a clear physical application."
What is Weizel's contribution to counterproposals against the Copenhagen interpretation?,"Weizel's counterproposal introduces a new kind of particle called the 'zeron,' which acts as a 'hidden parameter.' However, the 'zeron' is not otherwise observable, and its introduction raises concerns about dissipating energy across numerous degrees of freedom within the zeron field, potentially leading to chaos in thermodynamics. Weizel has not explained how he plans to avoid this issue, leaving his proposal with significant unanswered questions."
How does the debate around quantum theory relate to the theory of special relativity?,"The debate around hidden parameters in quantum theory is similar to discussions about the ether, absolute space, and time in the theory of special relativity. Critics of special relativity argued that while absolute space and time might not directly appear in experiments, they could still exist. This criticism does not contradict relativity's experimental results but undermines the theory’s core symmetry, the Lorentz invariance. Likewise, introducing hidden parameters in quantum theory does not necessarily refute its predictions but destroys key symmetry properties, making such interpretations inappropriate."
What distinguishes the objections raised by Blochinzev and Alexandrov from earlier counterproposals?,"Blochinzev and Alexandrov's objections differ because they focus solely on the philosophical implications of the Copenhagen interpretation, accepting its physical predictions without reservation. They criticize the Copenhagen school from a materialistic and dialectical perspective, describing it as reactionary and adhering to idealistic trends. Their critique is framed not just as a scientific discussion but as a defense of dialectic materialism, with Blochinzev explicitly aiming to unmask what he views as agnostic and idealistic speculations in quantum theory."
What is the primary target of Alexandrov’s criticism regarding the Copenhagen interpretation?,"Alexandrov's main criticism targets the role of the observer in the Copenhagen interpretation of quantum theory. He argues for an objective treatment of measurement, where the 'result of measurement' should only refer to the interaction effects between particles, without involving an observer. According to Alexandrov, the wave function in configuration space should describe the objective state of an electron, emphasizing objective conditions and interactions over subjective observations."
How does Blochinzev’s view relate to dialectic materialism?,"Blochinzev views the Copenhagen interpretation as contradictory to dialectic materialism. His polemic includes a quote from Lenin, suggesting that surprising developments in physics, such as the transformation of the ether or the peculiar properties of electrons, support dialectic materialism. This indicates that Blochinzev's discussion is not purely scientific but also ideologically driven, aiming to align quantum theory with the principles of dialectic materialism, thus downgrading the discussion to a predetermined ideological stance."
What limitation does Alexandrov overlook in his interpretation of quantum theory compared to classical physics?,"Alexandrov overlooks the fact that the formalism of quantum theory does not allow the same degree of objectivity as classical physics. In quantum mechanics, treating the interaction between a system and a measuring apparatus as a whole does not generally lead to a definite result. For example, it does not predict the blackening of a photographic plate at a specific point. To claim that the plate is 'objectively' blackened requires moving outside the quantum mechanical description of the closed system, which includes the electron, measuring apparatus, and plate."
How does the Copenhagen interpretation address the concept of 'factual' events?,"The Copenhagen interpretation addresses 'factual' events by introducing the observer, which is necessary to register decisions or transitions from the 'possible' to the 'actual.' This inclusion does not suggest that subjective elements are part of nature's description, but rather that an observer—whether human or an apparatus—is essential to account for actual events in space and time. This requirement reflects an intrinsic link between quantum theory and thermodynamics, as observation is fundamentally an irreversible process, which ties the quantum formalism to real-world occurrences."
What role does irreversibility play in the interpretation of quantum theory?,"Irreversibility is crucial in the interpretation of quantum theory because every act of observation is inherently irreversible. This irreversibility is what enables the formalism of quantum mechanics to be consistently connected with actual events in space and time. In the mathematical representation of phenomena, irreversibility arises from the observer's incomplete knowledge of the system, making it not entirely 'objective.'"
How does Blochinzev's interpretation of quantum mechanics differ from classical physics in terms of objectivity?,"Blochinzev asserts that in quantum mechanics, a particle's state is described by its belonging to a statistical ensemble, which he considers completely objective and independent of any observer. This is different from classical physics, where a system's belonging to an ensemble also reflects the observer's incomplete knowledge about the system. In classical physics, if an observer determines a system's temperature, they can consider it as one sample from a canonical ensemble with potentially different energies. However, 'in reality,' the system has a definite energy at any given moment. This means that in classical physics, the ensemble description also involves the observer's limitations, making Blochinzev's use of 'objective' distinct from its classical meaning."
What is the special case in quantum theory that can be considered 'objective' according to Blochinzev?,"In quantum theory, if an assembly is characterized by a single wave function in configuration space (a 'pure case'), the description can be considered 'objective' in some sense, without the immediate presence of incomplete knowledge. However, every measurement introduces irreversible features that reintroduce the element of incomplete knowledge, meaning the situation does not fundamentally differ from classical interpretations."
"What challenge arises from adapting new scientific concepts to older philosophical systems, according to the text?","The difficulty arises from attempting to fit new scientific concepts, like those of quantum theory, into an older system of ideas rooted in previous philosophies. This is likened to 'putting new wine into old bottles,' where attention is drawn to the cracks in the old conceptual framework rather than appreciating the new insights. Older philosophical systems, such as dialectic materialism, could not have anticipated the developments in modern experimental techniques, leading to a mismatch when trying to reconcile them with new scientific knowledge."
How does the text describe the relationship between scientists and adherence to specific creeds or philosophies?,"The text acknowledges that while scientists should be open to changing their understanding based on new experiences, complete independence from specific doctrines or philosophies is unrealistic. Two reasons are given: First, individuals' formative years shape their thought structures, making it hard to adapt to entirely new ideas later. Second, scientists are part of communities with shared ideas, ethics, or languages. Straying too far from these common ideas may cause conflict, even if scientific results contradict them. This dilemma reflects an enduring issue, akin to the 'twofold truth' from the history of Christian religion, where positive religion served the masses while science sought deeper truths."
"What is the 'twofold truth' problem, and how does it apply to modern science?","The 'twofold truth' problem refers to the idea that there might be two types of truth: a 'positive religion' or creed for the general population, and a deeper, possibly dissenting truth for scientists. In the past, this was associated with religion, but in modern times, it can relate to political and social doctrines. Scientists prioritize intellectual honesty, but society may expect them to delay sharing controversial views due to the evolving nature of science. This tension, present throughout history, highlights the balance between scientific progress and societal norms."
What is Janossy's approach to altering quantum mechanics to resemble classical physics?,"Janossy acknowledges that the strict validity of quantum mechanics requires moving away from the classical concept of reality. His goal is to adjust quantum mechanics to resemble classical physics while preserving many of its outcomes. His primary focus is on the 'reduction of wave packets,' a phenomenon where the probability function changes discontinuously during a measurement. This reduction, tied to the transition from possibilities to actual events, is not derivable from the differential equations in the quantum framework. Janossy introduces 'damping terms' into the equations to make the interference terms disappear over time. Despite this effort, his approach has alarming implications, such as the possibility of waves exceeding the speed of light and a reversal of cause-effect sequences. Janossy himself recognizes these challenges, which make his adjustments less attractive unless experiments demand such changes."
What is Schrodinger's stance on the reality of particles versus waves in quantum theory?,"Schrodinger diverges from the orthodox interpretation by attributing 'objective reality' to waves instead of particles. He disputes the notion that waves are merely 'probability waves' and questions the existence of quantum jumps, suggesting a preference for continuity in physical processes. However, he misunderstands part of the usual interpretation, overlooking that in standard theory, only the waves in configuration space are considered probability waves, while three-dimensional matter and radiation waves have real, continuous densities of energy and momentum. Despite Schrodinger's emphasis on continuity, atomic physics displays discontinuity, evident in the behavior of scintillation screens and Geiger counters. Schrodinger does not propose an alternative way to reconcile the observed discontinuity with his interpretation."
"How do Einstein, Laue, and others criticize the Copenhagen interpretation?","Einstein, Laue, and other critics argue that while the Copenhagen interpretation offers a robust statistical description of atomic phenomena, it fails to provide a unique, objective account of physical reality. They contend that the theory, despite accurately predicting probabilities of atomic events, does not explain what occurs independently of observation. For them, physics should describe an objective world that exists independently of human observation, something the Copenhagen interpretation does not accomplish. According to this view, understanding atomic phenomena requires describing what happens beyond the observational acts, a task left unfulfilled by the standard quantum framework."
"What is the role of 'reduction of wave packets' in quantum theory, and why is it a point of contention?","The 'reduction of wave packets' refers to the sudden change in the probability function when an observation is made, a transition from potential outcomes to a definite event. This concept is central to the Copenhagen interpretation, as it captures the shift from the possible to the actual upon measurement. Critics like Janossy view this as problematic because it is not derived from the differential equations of quantum mechanics, suggesting an inconsistency in the standard interpretation. The Copenhagen stance maintains that the reduction is due to irreversible interactions between the system, measuring apparatus, and the environment, leading to the destruction of interference terms. This concept is crucial for understanding how quantum probabilities translate into definite physical outcomes."
What does the criticism of the Copenhagen interpretation imply according to its defenders?,"Criticism of the Copenhagen interpretation often leans on the older materialistic ontology, which assumes that the 'actuality' of the macroscopic world can be extended to the atomic scale. Defenders of the Copenhagen interpretation argue that such an extension is not feasible. They maintain that physics, as a scientific endeavor, relies on language to communicate ideas. This communication is grounded in the concepts of everyday life, which are refined in physics to classical concepts. If physicists were to abandon this framework, they would lose the ability to communicate clearly. Therefore, any description of what 'actually happens' must be expressed in classical terms, making it inherently incomplete when dealing with atomic-scale phenomena due to the principles of thermodynamics and quantum uncertainty. Describing quantum events 'between observations' is seen as impossible because classical concepts apply only to observations, not to the space between them."
How does the Copenhagen interpretation differentiate from positivism?,"The Copenhagen interpretation is distinct from positivism. Positivism bases its understanding on the sensory perceptions of the observer, treating these perceptions as the elements of reality. In contrast, the Copenhagen interpretation does not prioritize the observer's perceptions but instead relies on things and processes that can be described using classical concepts—what is considered 'actual'—as the basis for any physical interpretation. This approach underscores that the statistical nature of microscopic physics is unavoidable since all knowledge of the 'actual' is inherently incomplete under the laws of quantum theory."
Why is the statistical nature of microscopic physics considered unavoidable in the Copenhagen interpretation?,"The Copenhagen interpretation holds that the statistical nature of microscopic physics is unavoidable due to the quantum-theoretical laws. Any understanding of 'actual' events at the atomic level is necessarily incomplete because of the inherent limitations imposed by quantum mechanics, particularly the uncertainty relations. This interpretation acknowledges that while classical physics allows for precise and deterministic descriptions, such clarity does not extend to atomic-scale phenomena, where probabilities play a crucial role."
What issue do counterproposals to the Copenhagen interpretation face regarding symmetry properties?,"Counterproposals to the Copenhagen interpretation often sacrifice essential symmetry properties of quantum theory. These include symmetries between waves and particles or between position and velocity, which are foundational to the theory. The Copenhagen interpretation respects these symmetries, which are likened to Lorentz invariance in relativity—considered a fundamental feature of nature. So far, experimental evidence supports maintaining these symmetry properties, reinforcing the Copenhagen interpretation as the prevailing framework."
What is the central theme in Plato's famous simile of the cave?,"In Plato's famous simile of the cave, men are compared to prisoners bound in a cave who can only see shadows of themselves and objects behind them. These shadows are perceived as real by the prisoners. When one prisoner escapes and comes into the light of the sun, he realizes that the shadows were illusions, and for the first time, he sees the truth. This simile represents the philosopher's journey from ignorance to knowledge and the understanding that true reality is beyond mere sensory perception."
What does Plato's simile of the cave suggest about knowledge and truth?,"Plato's simile suggests that true knowledge and truth are not found in the sensory world but through the intellectual and spiritual journey of the soul. The philosopher, having escaped the cave, comes into the light of truth and gains a deeper understanding of reality, which contrasts with the deceptive appearances perceived by the senses."
How did the focus of human thought shift after Plato's time?,"After Plato's time, the focus of human thought shifted towards the human soul and its relationship with God, ethics, and the interpretation of revelation, rather than towards the study of the outer world. This focus persisted for over two thousand years, during which philosophers concentrated on spiritual and metaphysical questions rather than empirical observations of nature."
What cultural shift occurred during the Italian Renaissance regarding the study of nature?,"During the Italian Renaissance, there was a gradual shift in human thought that led to a revival of interest in nature. This period marked a return to the study of the physical world and empirical observation, moving away from the primarily spiritual and ethical concerns of the preceding two thousand years."
What is the central idea in Descartes' philosophy as outlined in his 'Discourse on Method'?,"Descartes' philosophy begins with doubt and logical reasoning to find a solid foundation for knowledge. He questions the reliability of sensory perception and reasoning, ultimately concluding that his own existence is certain because he is thinking. This leads to the famous statement 'cogito ergo sum' ('I think, therefore I am'). Descartes then argues for the existence of God and the external world based on divine assurance that he cannot be deceived by his perceptions."
How does Descartes' philosophy differ from ancient Greek philosophy?,"Descartes' philosophy departs from the Greek approach by emphasizing the certainty of individual thought ('I think, therefore I am') as the foundation of knowledge. Unlike the Greeks who sought a fundamental substance or principle to unify the world, Descartes emphasizes the division between mind and body, or soul and world. His method of doubt leads to a separation between the 'res cogitans' (thinking substance) and 'res extensa' (extended substance), a division that was not present in Greek thought."
What is the significance of the division between 'res cogitans' and 'res extensa' in Descartes' philosophy?,"The division between 'res cogitans' (thinking substance) and 'res extensa' (extended substance) in Descartes' philosophy is crucial in separating the mind (or soul) from the physical world. This division became foundational in subsequent philosophy and natural science, though it also led to a reduction in the interconnectedness of these aspects of existence. This division focused scientific inquiry on 'res extensa,' the material world, while neglecting the mind and its relationship to the world."
How did the cultural context of the Renaissance and the Reformation influence Descartes' philosophical approach?,"The cultural context of the Renaissance and Reformation, with its revival of mathematics and personal religion, influenced Descartes' approach. The growing emphasis on mathematics led to a philosophy based on logical reasoning and mathematical certainty. Additionally, the Reformation's focus on personal religion contributed to Descartes' separation of the self ('I') and its relationship to God from the world. This philosophical trend favored empirical science, which could be discussed without reference to theological or spiritual concerns."
What was the impact of Descartes' philosophy on the development of natural science?,"Descartes' philosophy, with its emphasis on reason and the separation of mind and body, had a profound influence on the development of natural science. His method of doubt and focus on logical reasoning influenced scientific thinking, especially in the context of empirical observation. However, the division between the 'res cogitans' and 'res extensa' also led to a concentration on the material world ('res extensa'), which became the focus of natural science, while ignoring the role of the mind or soul in understanding the universe."
What difficulty does Descartes' distinction between 'res cogitans' and 'res extensa' create in the case of animals?,"Descartes' distinction between 'res cogitans' (thinking substance) and 'res extensa' (extended substance) forced him to place animals entirely on the side of 'res extensa.' This led to the view that animals and plants are no different from machines, with behavior determined solely by material causes. However, this view has been difficult to accept fully, as it seems unnatural to deny that animals might possess some form of soul, a concept that was more naturally integrated into the philosophy of Thomas Aquinas."
How did Descartes' view of animals as machines extend to the concept of human beings?,"Descartes' view of animals as machines raised the issue of whether humans too could be considered as machines, given that the distinction between 'res cogitans' and 'res extensa' implied that both mind and body were separate and operated by different laws. As a result, Descartes' philosophy struggled with the concept of free will, as both the mind and body were thought to be completely determined by physical and chemical laws, creating an artificial separation between mind and body."
What was the influence of Descartes' philosophy on the development of natural science?,"Descartes' philosophy, with its separation between the 'res cogitans' and 'res extensa,' was extremely successful in the development of natural science. Classical physics, including Newtonian mechanics, operated under the assumption that the world could be described without reference to God or humanity. This approach became almost a necessity for natural science, providing a framework in which the material world could be studied independently of human or divine involvement."
How has quantum theory challenged the Cartesian division between the world and the observer?,"Quantum theory, particularly through the Copenhagen interpretation, has shifted the relationship between natural science and the observer. While it is still possible to study nature without mentioning the individual observer, quantum theory recognizes that natural science is shaped by human involvement. Science does not merely describe nature but interacts with it through our methods of questioning. This challenges Descartes' sharp separation between the world and the self, suggesting that the world and the observer are inseparably linked in the process of scientific inquiry."
How does the Cartesian partition relate to the difficulty Einstein had with the Copenhagen interpretation of quantum theory?,"Einstein’s difficulty with the Copenhagen interpretation of quantum theory can be traced to the Cartesian partition. The separation between 'res cogitans' (thinking substance) and 'res extensa' (extended substance) influenced the way scientists, including Einstein, thought about reality. The Cartesian partition led to the assumption that the world and its phenomena exist independently and can be described objectively. This attitude, known as metaphysical realism, was foundational to classical physics, and Einstein's critique of quantum theory stemmed from this perspective."
What is the difference between practical realism and dogmatic realism?,"Practical realism assumes that there are statements about the material world that can be objectivated, meaning their truth does not depend on the conditions under which they can be verified. This view has always been a crucial part of natural science. Dogmatic realism, on the other hand, claims that all statements about the material world can be objectivated. While practical realism remains essential to science, dogmatic realism is not necessary, as quantum theory has shown that natural science can be conducted without assuming the absolute objectivity of the material world."
How has quantum theory challenged dogmatic realism?,"Quantum theory challenges dogmatic realism by showing that natural science can be explained using simple mathematical laws without assuming that the material world exists objectively, independent of the observer. While classical physics was based on dogmatic realism, quantum theory demonstrates that exact science is possible even when the existence of the material world is not assumed to be fully independent of the observer's influence. This shift was evident in Einstein’s criticism of quantum theory, as he based his objections on the dogmatic realist position."
"What is metaphysical realism, and how does it relate to Descartes' philosophy?","Metaphysical realism is the position that the material world truly 'exists' independently, a view which extends beyond dogmatic realism. Descartes sought to prove the reality of the external world by arguing that 'God cannot have deceived us.' Metaphysical realism thus claims that things 'really exist,' which parallels Descartes’ argument for the existence of the world based on the certainty of his own thinking ('cogito ergo sum'). However, this statement raises questions about how the concepts of 'thinking' and 'being' are used in understanding reality, and it remains an empirical question how far these concepts apply."
What is the general critique of Descartes' 'cogito ergo sum' as a foundational certainty?,"The critique of Descartes' 'cogito ergo sum' is that, while the statement is certain in a mathematical sense, it does not clarify how the concepts of 'thinking' and 'being' are used or applied. Descartes' assertion rests on the certainty of these terms, but it remains an empirical question how far these concepts can be applied in understanding reality. In other words, the statement's certainty does not necessarily extend to the practical use of the concepts involved, leading to a general critique of its foundational status."
"How did early empiristic philosophers like Locke, Berkeley, and Hume address metaphysical realism?","Early empiricists like Locke, Berkeley, and Hume criticized metaphysical realism by questioning the concept of 'existence.' Locke argued that all knowledge comes from experience, while Berkeley took this further, claiming that to be perceived is the same as existing. Hume, taking a more skeptical approach, questioned causation and induction, which threatened to undermine the foundation of empirical science. Their critiques highlight the difficulty of claiming objective existence independent of perception."
What is the criticism of the empiricist view that all knowledge is founded in experience?,"The criticism of the empiricist view is that while it rightly warns against the naive use of terms like 'thing,' 'perception,' and 'existence,' it still faces issues. Perceptions are not merely bundles of sensory data; we perceive 'things' and not just sensory impressions. This distinction raises doubts about whether starting with perceptions as the ultimate elements of reality adds anything meaningful. The empiricist approach struggles with the question of what defines a 'thing' beyond perception."
"How does modern positivism critique the use of terms like 'thing,' 'perception,' and 'existence'?","Modern positivism critiques these terms by emphasizing the need for logical clarity. It argues that the meaning of a sentence should be critically examined to ensure that it conveys something meaningful. Derived from mathematical logic, positivism views natural science as attaching symbols to phenomena, which can be combined according to rules. If a symbol combination doesn’t adhere to these rules, it doesn’t convey meaning. However, the lack of a universal criterion for meaning creates difficulties, especially when statements don’t belong to a closed system of concepts."
What difficulty does positivism face when applied to nature and quantum theory?,"Positivism faces the challenge that the language and concepts used in natural science are often vague and not strictly defined. This became especially evident in quantum theory, where the concepts of 'position' and 'velocity' of particles, though well-defined mathematically, proved to be problematic in their relation to nature. The uncertainty relations in quantum mechanics show that our concepts often don’t apply perfectly to nature, meaning that strict logical clarification may be impossible. This suggests that science cannot always be fully grounded in clear logical propositions."
How does modern physics challenge the notion of complete logical clarification in science?,"Modern physics challenges the notion of complete logical clarification by showing that strict logical clarity may not always be possible or necessary. Concepts like 'position' and 'velocity' in quantum mechanics, though once well-defined in classical physics, are subject to uncertainty, revealing that some scientific ideas cannot be fully clarified in advance. The insistence on logical clarity could even hinder progress, as scientists must sometimes work with imprecise or undefined concepts when probing the unknown aspects of nature."
What philosophical stance did Kant take in relation to empiricism and a priori knowledge?,"Kant’s philosophy combined elements of empiricism and rationalism. He argued that while all knowledge begins with experience, some knowledge is not derived from it. Kant introduced the distinction between 'a priori' knowledge, which is independent of experience and involves necessary truths (like logic), and 'empirical' or 'synthetic' knowledge, which is based on experience. He proposed that 'a priori' knowledge could not be derived from experience because it is universally and necessarily true, such as in the case of mathematical or logical truths."
What is the difference between analytic and synthetic propositions in Kant’s philosophy?,"In Kant’s philosophy, analytic propositions are those whose truth is based solely on logic and definitions, and their denial would result in self-contradiction. Synthetic propositions, on the other hand, are not logically necessary and must be derived from experience. Analytic propositions are 'a priori' because they are universally true, while synthetic propositions are 'a posteriori' and require experience for their validation. Kant’s work distinguished these categories to understand the sources and structure of knowledge."
What is Kant's argument for synthetic judgments a priori in relation to space?,"Kant argues that space is not an empirical concept derived from experience, but a necessary a priori form of intuition that underlies all external perception. He claims that space is presupposed in referring sensations to something external and is a necessary condition for external experience. He also asserts that space is not a general concept but a singular form of intuition that holds all spatial parts within it."
How does Kant extend the concept of a priori knowledge in his philosophy?,"Kant extends the idea of a priori knowledge beyond space and time to include concepts like causality, substance, and even physical laws such as the conservation of matter, action and reaction, and gravitation. However, these ideas are seen as overly rigid by modern physicists, particularly when Kant's 'a priori' is understood in its absolute sense, as it doesn't account for the more dynamic and evolving concepts in modern physics."
"What is Kant’s view on the existence of things, and how does it relate to realism?","Kant addresses the question of whether 'things really exist' by retaining the notion of 'things-in-themselves,' which exist independently of our perception. This distinction between the 'thing-in-itself' and the percept preserves a connection to realism, though it is not fully aligned with empiricists like Berkeley and Hume, who denied any independent existence beyond perception."
How does Kant's concept of synthetic judgments a priori compare to modern physics?,"Kant's concept of synthetic judgments a priori seems to be undermined by modern physics. For example, the theory of relativity has changed our understanding of space and time in ways Kant could not have foreseen. Additionally, quantum theory does not rely on the law of causality in the same way Kant assumed, and the law of conservation of matter is no longer valid for elementary particles. While Kant's ideas were foundational in their time, they no longer align with the findings of contemporary science."
"What is Kant's understanding of the law of causality, and how is it related to scientific work?","Kant views the law of causality as fundamental to scientific work. He believes that when we observe an event, we assume that a preceding event caused it, and this assumption forms the basis of all scientific inquiry. Although the law of causality may not always be directly observable, it remains an a priori condition for scientific research, enabling us to ask questions and seek causal explanations even when we cannot find the precise preceding events."
Explain why the emission of an a-particle from a radium atom cannot be predicted.,"Let us consider a radium atom, which can emit an a-particle. The time for the emission of the a-particle cannot be predicted. We can only say that in the average the emission will take place in about two thousand years."
What is the scientific observation about the emission of an a-particle from a radium atom?,"Therefore, when we observe the emission we do not actually look for a foregoing event from which the emission must according to a rule follow. Logically it would be quite possible to look for such a foregoing event, and we need not be discouraged by the fact that hitherto none has been found."
Why has the scientific method changed since Kant on the question of causality?,But why has the scientific method actually changed in this very fundamental question since Kant?
What are the two possible answers to why causality has changed in scientific method according to the text?,"Two possible answers can be given to that question. The one is: We have been convinced by experience that the laws of quantum theory are correct and, if they are, we know that a foregoing event as cause for the emission at a given time cannot be found. The other answer is: We know the foregoing event, but not quite accurately."
How does uncertainty in atomic physics affect the ability to pinpoint the cause of an a-particle emission?,"We know the forces in the atomic nucleus that are responsible for the emission of the a-particle. But this knowledge contains the uncertainty which is brought about by the interaction between the nucleus and the rest of the world. If we wanted to know why the a-particle was emitted at that particular time we would have to know the microscopic structure of the whole world including ourselves, and that is impossible."
What does the change in scientific understanding suggest about Kant's philosophy of causality?,"Therefore, Kant's arguments for the a priori character of the law of causality no longer apply."
How does the a priori character of space and time relate to Kant's philosophy and modern physics?,A similar discussion could be given on the a priori character of space and time as forms of intuition. The result would be the same. The a priori concepts which Kant considered an undisputable truth are no longer contained in the scientific system of modern physics.
"How are classical concepts like space, time, and causality used in the Copenhagen interpretation of quantum theory?","Still they form an essential part of this system in a somewhat different sense. In the discussion of the Copenhagen interpretation of quantum theory it has been emphasized that we use the classical concepts in describing our experimental equipment and more generally in describing that part of the world which does not belong to the object of the experiment. The use of these concepts, including space, time and causality, is in fact the condition for observing atomic events and is, in this sense of the word, 'a priori.'"
What was Kant's view on the a priori concepts and their applicability in science?,What Kant had not foreseen was that these a priori concepts can be the conditions for science and at the same time can have only a limited range of applicability.
How does the assumption of causality work in experiments involving atomic events?,"When we make an experiment we have to assume a causal chain of events that leads from the atomic event through the apparatus finally to the eye of the observer; if this causal chain was not assumed, nothing could be known about the atomic event."
What is the paradox in quantum theory that Kant could not foresee?,Still we must keep in mind that classical physics and causality have only a limited range of applicability. It was the fundamental paradox of quantum theory that could not be foreseen by Kant.
How has modern physics altered Kant's statement about synthetic judgments a priori?,Modern physics has changed Kant's statement about the possibility of synthetic judgments a priori from a metaphysical one into a practical one. The synthetic judgments a priori thereby have the character of a relative truth.
How is the Kantian 'a priori' concept reinterpreted in modern physics?,"If one reinterprets the Kantian 'a priori' in this way, there is no reason to consider the perceptions rather than the things as given. Just as in classical physics, we can speak about those events that are not observed in the same manner as about those that are observed."
What is the analogy between Kant's 'thing-in-itself' and the behavior of atomic objects in modern physics?,"Considering the Kantian 'thing-in-itself,' Kant had pointed out that we cannot conclude anything from the perception about the 'thing-in-itself.' This statement has, as Weizsacker has noticed, its formal analogy in the fact that in spite of the use of the classical concepts in all the experiments a nonclassical behavior of the atomic objects is possible."
How is the 'thing-in-itself' viewed by the atomic physicist?,"The 'thing-in-itself' is for the atomic physicist, if he uses this concept at all, finally a mathematical structure; but this structure is contrary to Kant indirectly deduced from experience."
How is Kant's 'a priori' connected to experience in modern physics?,In this reinterpretation the Kantian 'a priori' is indirectly connected with experience in so far as it has been formed through the development of the human mind in a very distant past.
How does Lorentz's comparison of Kant's 'a priori' to innate behavior in animals relate to Kant's ideas?,Following this argument the biologist Lorentz has once compared the 'a priori' concepts with forms of behavior that in animals are called 'inherited or innate schemes.' It is in fact quite plausible that for certain primitive animals space and time are different from what Kant calls our 'pure intuition' of space and time.
What does the reinterpretation of the Kantian 'a priori' suggest about modern scientific concepts?,"Modern physics has been used here as an example or, we may say, as a model to check the results of some important philosophic systems of the past, which of course were meant to hold in a much wider field."
What conclusion can be drawn from the philosophies of Descartes and Kant in relation to modern science?,"Any concepts or words which have been formed in the past through the interplay between the world and ourselves are not really sharply defined with respect to their meaning; that is to say, we do not know exactly how far they will help us in finding our way in the world."
What is the nature of concepts when they are part of a system of axioms and definitions?,"The concepts may, however, be sharply defined with regard to their connections. This is actually the fact when the concepts become a part of a system of axioms and definitions which can be expressed consistently by a mathematical scheme."
"What is the limitation of concepts in science and reason, according to the text?","Such a group of connected concepts may be applicable to a wide field of experience and will help us to find our way in this field. But the limits of the applicability will in general not be known, at least not completely."
Ambiguity in physics,"Even if we realize that the meaning of a concept is never de-fined with absolute precision, some concepts form an integral part of scientific methods, since they represent for the time being the final result of the development of human thought in the past, even in a very remote past; they may even be inherited and are in any case the indispensable tools for doing scientific work in our time. In this sense they can be practically a priori. But further limitations of their applicability may be found in the future."
